Date,Open,Close
2015-01-01,8299.15,8285.41
2015-01-02,8302.06,8412.79
2015-01-05,8454.26,8361.78
2015-01-06,8329.15,8323.66
2015-01-07,8286.88,8355.6
2015-01-08,8354.3,8240.28
2015-01-09,8224.49,8133.19
2015-01-12,8093.4,8008.85
2015-01-13,7989.49,8038.36
2015-01-14,8048.95,8047.34
2015-01-15,8064.09,8072.14
2015-01-16,8090.99,8079.76
2015-01-19,8129.02,8092.59
2015-01-20,8120.01,8137.76
2015-01-21,8166.66,8258.59
2015-01-22,8244.22,8217.89
2015-01-23,8209.25,8209.04
2015-01-26,8193.7,8054.8
2015-01-27,8125.67,8077.67
2015-01-28,8049.94,8005.29
2015-01-29,7952.82,7965.05
2015-01-30,7946.36,8005.35
2015-02-02,8014.94,8014.84
2015-02-03,8040.78,8168.76
2015-02-04,8149.39,8116.66
2015-02-05,8164.25,8054.33
2015-02-06,8101.93,8057.63
2015-02-09,8068.12,8074.72
2015-02-10,8120.21,8118.2
2015-02-11,8165.16,8222.89
2015-02-12,8207.11,8255.63
2015-02-13,8184.33,7877.72
2015-02-16,7988.85,8023.11
2015-02-17,8031.63,7957.18
2015-02-18,7920.66,7905.15
2015-02-19,7914.49,7763.97
2015-02-20,7837.92,7678.49
2015-02-23,7667.46,7678.03
2015-02-24,7678.29,7665.89
2015-02-25,7624.11,7581.92
2015-02-26,7580.21,7566.1
2015-02-27,7558.48,7502.03
2015-03-02,7518.93,7641.18
2015-03-03,7627.14,7625.67
2015-03-04,7665.3,7728.58
2015-03-05,7793.96,7834.7
2015-03-06,7819.44,7769.06
2015-03-09,7740.31,7805.15
2015-03-10,7852.43,7751.37
2015-03-11,7742.06,7744.65
2015-03-12,7748.32,7747.45
2015-03-13,7756.81,7876.49
2015-03-16,7852.54,7883.69
2015-03-17,7864.08,7989.39
2015-03-18,8016.72,8047.18
2015-03-19,8046.75,8027.29
2015-03-20,8032.37,8044.48
2015-03-23,7993.79,8048.84
2015-03-24,8079.26,8035.85
2015-03-25,8032.1,8083.81
2015-03-26,8063.48,8087.42
2015-03-27,8130.58,8129.98
2015-03-30,8112.42,8037.18
2015-03-31,8138.36,8102.11
2015-04-01,8078.03,8050.25
2015-04-02,8052.47,8066.57
2015-04-03,8099.55,8064.57
2015-04-06,8056.31,8065.75
2015-04-07,8081.95,8055.12
2015-04-08,8042.1,8152.56
2015-04-09,8120.45,8168.56
2015-04-10,8183.02,8165.77
2015-04-13,8150.05,8257.82
2015-04-14,8319.09,8256.17
2015-04-15,8244.17,8274.95
2015-04-16,8220.42,8236.21
2015-04-17,8254.17,8196.22
2015-04-20,8214.76,8115.76
2015-04-21,8130.61,8048.75
2015-04-22,7970.61,8028.14
2015-04-23,8051.05,7987.71
2015-04-24,8045.51,8050.69
2015-04-27,8075.63,8016.34
2015-04-28,8031.0,8027.13
2015-04-29,8055.1,8121.71
2015-04-30,8109.47,8167.15
2015-05-01,8139.63,8379.89
2015-05-04,8423.94,8520.4
2015-05-05,8447.64,8570.24
2015-05-06,8544.79,8589.48
2015-05-07,8628.04,8649.0
2015-05-08,8687.45,8755.95
2015-05-11,8772.64,8832.77
2015-05-12,8834.63,8856.47
2015-05-13,8822.76,8671.12
2015-05-14,8715.97,8809.99
2015-05-15,8813.1,8810.33
2015-05-18,8794.7,8746.4
2015-05-19,8838.93,8766.55
2015-05-20,8750.01,8754.96
2015-05-21,8747.32,8681.14
2015-05-22,8664.77,8694.37
2015-05-25,8682.46,8715.19
2015-05-26,8716.07,8758.09
2015-05-27,8805.8,8787.72
2015-05-28,8769.16,8882.01
2015-05-29,8937.54,8945.19
2015-06-01,8911.99,8507.22
2015-06-02,8557.18,8490.29
2015-06-03,8473.8,8520.91
2015-06-04,8515.98,8510.48
2015-06-05,8490.16,8414.85
2015-06-08,8449.65,8436.51
2015-06-09,8361.33,7991.03
2015-06-10,8021.53,7803.34
2015-06-11,7836.34,7865.49
2015-06-12,7869.12,7885.18
2015-06-15,7913.22,8037.24
2015-06-16,8014.26,8063.76
2015-06-17,8046.48,8118.1
2015-06-18,8173.62,8152.65
2015-06-19,8113.77,8212.9
2015-06-22,8213.17,8339.07
2015-06-23,8346.26,8321.19
2015-06-24,8372.12,8410.5
2015-06-25,8407.94,8436.94
2015-06-26,8451.81,8405.95
2015-06-29,8412.37,7997.92
2015-06-30,7993.55,8024.41
2015-07-01,8072.02,8070.31
2015-07-02,8111.58,8220.43
2015-07-03,8188.89,8251.33
2015-07-06,8274.44,8278.47
2015-07-07,8285.36,8302.82
2015-07-08,8260.1,8256.9
2015-07-09,8227.3,7868.84
2015-07-10,7924.38,7954.17
2015-07-13,7958.91,8065.98
2015-07-14,8023.21,7911.22
2015-07-15,7898.21,7871.88
2015-07-16,7866.98,7909.32
2015-07-17,7932.77,8028.67
2015-07-20,7998.72,8091.32
2015-07-21,8042.17,8059.1
2015-07-22,8086.79,8181.56
2015-07-23,8219.93,8275.0
2015-07-24,8256.64,8233.81
2015-07-27,8224.8,8348.76
2015-07-28,8324.45,8449.61
2015-07-29,8444.65,8460.84
2015-07-30,8459.93,8459.88
2015-07-31,8433.81,8549.05
2015-08-03,8527.4,8614.28
2015-08-04,8571.18,8563.61
2015-08-05,8627.83,8741.94
2015-08-06,8790.86,8827.6
2015-08-07,8812.57,8849.67
2015-08-10,8818.17,8780.75
2015-08-11,8843.98,8851.46
2015-08-12,8863.56,8891.0
2015-08-13,8925.17,9053.23
2015-08-14,8986.59,8973.24
2015-08-17,9028.28,8869.26
2015-08-18,8932.63,8773.21
2015-08-19,8758.86,8903.31
2015-08-20,8970.4,9055.59
2015-08-21,9143.76,9145.85
2015-08-24,9167.87,9064.79
2015-08-25,9092.72,9059.5
2015-08-26,9109.6,9043.36
2015-08-27,9045.32,9001.56
2015-08-28,8993.28,8997.61
2015-08-31,9000.08,9085.41
2015-09-01,9069.58,9052.23
2015-09-02,8998.25,8970.88
2015-09-03,8945.37,9046.41
2015-09-04,9073.69,9048.71
2015-09-07,9080.75,9153.13
2015-09-08,9110.04,9096.01
2015-09-09,9130.31,9073.61
2015-09-10,9098.19,9092.91
2015-09-11,9115.66,8969.14
2015-09-14,9014.46,8951.2
2015-09-15,8886.29,8846.62
2015-09-16,8831.17,8834.54
2015-09-17,8838.66,8826.73
2015-09-18,8867.57,8782.23
2015-09-21,8761.95,8693.29
2015-09-22,8705.84,8728.89
2015-09-23,8771.76,8878.8
2015-09-24,8846.4,8866.11
2015-09-25,8883.61,8788.8
2015-09-28,8788.37,8727.4
2015-09-29,8787.23,8793.25
2015-09-30,8745.07,8757.72
2015-10-01,8785.15,8842.47
2015-10-02,8850.94,8720.07
2015-10-05,8735.0,8805.1
2015-10-06,8825.6,8799.06
2015-10-07,8786.61,8764.73
2015-10-08,8730.47,8739.57
2015-10-09,8794.98,8917.5
2015-10-12,8924.03,8933.64
2015-10-13,8921.28,8887.06
2015-10-14,8901.52,8989.91
2015-10-15,8983.06,9040.18
2015-10-16,9053.2,9104.96
2015-10-19,9076.73,9116.39
2015-10-20,9069.63,9172.4
2015-10-21,9173.23,9325.83
2015-10-22,9306.22,9221.64
2015-10-23,9188.02,9055.09
2015-10-26,9057.57,8915.38
2015-10-27,8897.3,8899.42
2015-10-28,8863.51,8865.74
2015-10-29,8896.86,8823.53
2015-10-30,8782.17,8689.69
2015-11-02,8687.52,8688.44
2015-11-03,8706.58,8699.45
2015-11-04,8730.81,8699.13
2015-11-05,8742.76,8780.74
2015-11-06,8804.59,8771.83
2015-11-09,8724.65,8795.57
2015-11-10,8814.11,8748.89
2015-11-11,8743.67,8768.48
2015-11-12,8808.14,8890.57
2015-11-13,8868.5,8826.88
2015-11-16,8765.73,8777.7
2015-11-17,8747.9,8818.27
2015-11-18,8823.9,8832.21
2015-11-19,8767.41,8842.66
2015-11-20,8836.45,8840.36
2015-11-23,8800.34,8766.02
2015-11-24,8755.45,8775.01
2015-11-25,8816.26,8884.34
2015-11-26,8894.62,8868.76
2015-11-27,8840.6,8886.3
2015-11-30,8925.09,8999.72
2015-12-01,9040.32,9117.1
2015-12-02,9127.81,9117.55
2015-12-03,9118.74,9099.63
2015-12-04,9088.82,9071.59
2015-12-07,9078.9,9048.03
2015-12-08,9069.74,9018.17
2015-12-09,9076.75,8994.26
2015-12-10,9040.12,9072.7
2015-12-11,9053.15,9071.06
2015-12-14,9079.13,8781.02
2015-12-15,8748.29,8693.94
2015-12-16,8739.07,8764.11
2015-12-17,8718.55,8728.32
2015-12-18,8647.37,8656.95
2015-12-21,8667.95,8693.89
2015-12-22,8713.01,8674.7
2015-12-23,8639.93,8666.55
2015-12-24,8723.55,8733.27
2015-12-25,8716.58,8631.35
2015-12-28,8599.9,8700.77
2015-12-29,8747.55,8785.46
2015-12-30,8786.16,8851.42
2015-12-31,8860.76,8787.35
2016-01-01,8712.25,8629.52
2016-01-04,8666.91,8766.43
2016-01-05,8795.5,8778.03
2016-01-06,8770.75,8795.26
2016-01-07,8731.78,8708.36
2016-01-08,8702.28,8828.5
2016-01-11,8826.66,8789.13
2016-01-12,8823.98,8771.67
2016-01-13,8806.33,8737.24
2016-01-14,8798.76,8818.63
2016-01-15,8808.07,8910.45
2016-01-18,8902.55,8960.88
2016-01-19,8915.9,8814.61
2016-01-20,8841.64,8901.75
2016-01-21,8900.12,8937.11
2016-01-22,8900.08,8829.68
2016-01-25,8838.0,8836.66
2016-01-26,8813.33,8897.88
2016-01-27,8848.48,8978.88
2016-01-28,9021.8,9030.33
2016-01-29,9075.2,9026.13
2016-02-01,9008.12,9151.86
2016-02-02,9169.25,9195.78
2016-02-03,9223.48,9248.94
2016-02-04,9221.33,9310.61
2016-02-05,9275.72,9279.55
2016-02-08,9289.42,9324.78
2016-02-09,9324.38,9313.83
2016-02-10,9276.1,9287.5
2016-02-11,9235.31,9188.63
2016-02-12,9159.33,9173.46
2016-02-15,9162.42,9187.88
2016-02-16,9247.96,9219.74
2016-02-17,9270.03,9185.62
2016-02-18,9197.77,9094.59
2016-02-19,9126.31,9076.49
2016-02-22,9130.46,9128.65
2016-02-23,9160.76,9201.07
2016-02-24,9222.22,9294.57
2016-02-25,9330.66,9339.91
2016-02-26,9320.74,9344.32
2016-02-29,9391.05,9363.94
2016-03-01,9267.28,9213.09
2016-03-02,9213.06,9257.67
2016-03-03,9276.66,9288.81
2016-03-04,9316.59,9413.94
2016-03-07,9422.78,9397.4
2016-03-08,9502.63,9397.33
2016-03-09,9382.91,9494.58
2016-03-10,9553.85,9404.65
2016-03-11,9413.73,9343.61
2016-03-14,9329.4,9290.64
2016-03-15,9303.95,9477.51
2016-03-16,9510.87,9376.56
2016-03-17,9390.97,9372.68
2016-03-18,9385.96,9374.46
2016-03-21,9370.1,9432.8
2016-03-22,9476.64,9401.96
2016-03-23,9519.99,9620.97
2016-03-24,9670.11,9568.5
2016-03-25,9531.35,9551.18
2016-03-28,9601.87,9528.55
2016-03-29,9545.92,9699.62
2016-03-30,9613.79,9583.03
2016-03-31,9638.02,9546.09
2016-04-01,9511.02,9565.87
2016-04-04,9562.21,9595.2
2016-04-05,9654.72,9686.83
2016-04-06,9711.65,9722.54
2016-04-07,9728.69,9635.07
2016-04-08,9655.72,9647.14
2016-04-11,9679.03,9652.6
2016-04-12,9599.45,9492.95
2016-04-13,9514.19,9638.9
2016-04-14,9612.48,9538.28
2016-04-15,9503.34,9582.2
2016-04-18,9570.66,9470.13
2016-04-19,9459.75,9584.28
2016-04-20,9550.01,9597.21
2016-04-21,9612.04,9572.53
2016-04-22,9636.85,9584.93
2016-04-25,9576.39,9665.23
2016-04-26,9711.66,9659.78
2016-04-27,9576.78,9493.13
2016-04-28,9497.75,9522.41
2016-04-29,9532.43,9476.92
2016-05-02,9495.51,9501.13
2016-05-03,9522.51,9668.95
2016-05-04,9656.35,9493.33
2016-05-05,9455.66,9574.33
2016-05-06,9578.96,9582.03
2016-05-09,9597.72,9606.89
2016-05-10,9568.39,9475.29
2016-05-11,9411.3,9458.64
2016-05-12,9508.99,9456.08
2016-05-13,9427.84,9492.1
2016-05-16,9515.89,9464.93
2016-05-17,9518.5,9566.88
2016-05-18,9544.98,9528.88
2016-05-19,9504.16,9641.04
2016-05-20,9610.4,9188.37
2016-05-23,9170.22,9150.16
2016-05-24,9184.46,9263.43
2016-05-25,9261.04,9046.92
2016-05-26,9041.58,8997.41
2016-05-27,8964.26,8930.11
2016-05-30,8946.51,8874.17
2016-05-31,8924.15,8844.44
2016-06-01,8806.49,8837.36
2016-06-02,8884.52,8958.42
2016-06-03,8946.01,8939.74
2016-06-06,8926.97,9028.79
2016-06-07,9024.99,9033.26
2016-06-08,9058.95,8977.16
2016-06-09,8967.35,9159.14
2016-06-10,9226.86,9302.53
2016-06-13,9285.65,9395.04
2016-06-14,9447.51,9333.16
2016-06-15,9338.43,9284.42
2016-06-16,9287.41,9398.63
2016-06-17,9312.58,9321.88
2016-06-20,9373.71,9253.32
2016-06-21,9313.77,9166.33
2016-06-22,9167.01,9211.24
2016-06-23,9193.5,9217.96
2016-06-24,9185.59,9271.23
2016-06-27,9258.14,9289.6
2016-06-28,9278.49,8921.19
2016-06-29,8899.36,8987.28
2016-06-30,8991.49,9050.1
2016-07-01,9090.82,9044.41
2016-07-04,9086.83,9015.11
2016-07-05,9008.9,8994.0
2016-07-06,9019.43,8994.4
2016-07-07,8954.57,8972.7
2016-07-08,9038.9,9159.35
2016-07-11,9180.33,9148.59
2016-07-12,9088.95,9013.4
2016-07-13,9052.83,9145.84
2016-07-14,9057.54,9043.08
2016-07-15,9047.89,8956.65
2016-07-18,8960.44,9065.53
2016-07-19,9016.14,8939.55
2016-07-20,8960.03,8854.81
2016-07-21,8874.4,8792.3
2016-07-22,8824.19,8874.42
2016-07-25,8911.82,8980.78
2016-07-26,8978.99,8947.72
2016-07-27,8903.67,8992.15
2016-07-28,8940.19,8989.91
2016-07-29,8967.22,8926.13
2016-08-01,8982.55,8996.54
2016-08-02,8928.14,8959.71
2016-08-03,8967.21,8862.82
2016-08-04,8808.64,8930.7
2016-08-05,8934.21,8909.79
2016-08-08,8920.78,8829.48
2016-08-09,8780.49,8684.36
2016-08-10,8707.23,8730.01
2016-08-11,8728.26,8750.14
2016-08-12,8726.56,8704.14
2016-08-15,8722.32,8639.12
2016-08-16,8634.75,8651.07
2016-08-17,8677.56,8363.08
2016-08-18,8347.57,8316.38
2016-08-19,8303.67,8340.17
2016-08-22,8334.68,8290.16
2016-08-23,8300.44,8305.12
2016-08-24,8313.84,8366.99
2016-08-25,8303.36,8291.23
2016-08-26,8277.9,8225.93
2016-08-29,8240.89,8165.62
2016-08-30,8145.33,8106.26
2016-08-31,8121.58,8150.86
2016-09-01,8136.98,8085.86
2016-09-02,8114.53,8126.19
2016-09-05,8172.46,7994.54
2016-09-06,7953.11,7908.61
2016-09-07,7996.43,7973.29
2016-09-08,7955.86,7871.97
2016-09-09,7856.62,7860.67
2016-09-12,7854.63,7801.56
2016-09-13,7782.79,7829.6
2016-09-14,7818.95,7849.48
2016-09-15,7812.5,7763.87
2016-09-16,7803.12,7739.68
2016-09-19,7711.47,7699.65
2016-09-20,7659.06,7709.08
2016-09-21,7676.07,7753.4
2016-09-22,7731.77,7712.28
2016-09-23,7747.14,7663.48
2016-09-26,7643.45,7691.19
2016-09-27,7708.84,7712.86
2016-09-28,7697.54,7753.89
2016-09-29,7786.28,7866.36
2016-09-30,7863.4,7969.55
2016-10-03,7942.47,7942.05
2016-10-04,8005.25,7894.73
2016-10-05,7905.19,7908.69
2016-10-06,7883.88,8009.93
2016-10-07,8045.95,7728.93
2016-10-10,7785.33,7853.8
2016-10-11,7818.9,7985.88
2016-10-12,7979.37,8004.65
2016-10-13,7979.88,7987.37
2016-10-14,7986.19,7922.46
2016-10-17,7918.47,7879.11
2016-10-18,7841.4,7745.55
2016-10-19,7720.24,7752.39
2016-10-20,7750.82,7756.89
2016-10-21,7767.72,7831.97
2016-10-24,7809.14,7851.9
2016-10-25,7844.55,7957.1
2016-10-26,7984.02,8034.45
2016-10-27,8023.77,7999.05
2016-10-28,8012.62,8068.95
2016-10-31,8063.88,8039.57
2016-11-01,8044.26,8075.48
2016-11-02,8068.17,7980.88
2016-11-03,7998.53,7996.67
2016-11-04,7923.46,7837.02
2016-11-07,7866.06,7907.56
2016-11-08,7938.54,8003.14
2016-11-09,8028.77,7901.17
2016-11-10,7947.56,8012.22
2016-11-11,8022.52,7879.8
2016-11-14,7910.66,7933.22
2016-11-15,7925.74,7899.23
2016-11-16,7866.75,7930.21
2016-11-17,7930.03,7901.77
2016-11-18,7917.97,8011.2
2016-11-21,8058.4,7972.0
2016-11-22,7989.18,7939.75
2016-11-23,7910.43,8025.44
2016-11-24,8037.0,8043.17
2016-11-25,8063.87,8046.36
2016-11-28,8045.59,8054.59
2016-11-29,8036.76,8069.14
2016-11-30,8136.85,8124.31
2016-12-01,8144.54,8153.41
2016-12-02,8156.05,8183.91
2016-12-05,8173.78,8212.7
2016-12-06,8235.0,8284.21
2016-12-07,8331.71,8348.1
2016-12-08,8353.21,8370.46
2016-12-09,8350.74,8337.27
2016-12-12,8359.9,8469.05
2016-12-13,8491.31,8385.5
2016-12-14,8380.64,8270.63
2016-12-15,8283.3,8256.54
2016-12-16,8259.35,8105.0
2016-12-19,8107.17,8221.26
2016-12-20,8240.85,8299.47
2016-12-21,8273.72,8113.9
2016-12-22,8139.77,8213.64
2016-12-23,8231.74,8154.98
2016-12-26,8187.84,8049.37
2016-12-27,8057.71,8086.23
2016-12-28,8096.19,8082.49
2016-12-29,8079.03,8069.55
2016-12-30,8118.73,8068.63
2017-01-02,8064.1,8148.23
2017-01-03,8150.95,8070.65
2017-01-04,8087.31,8173.89
2017-01-05,8207.66,8269.92
2017-01-06,8235.73,8253.18
2017-01-09,8204.94,8225.55
2017-01-10,8264.86,8277.92
2017-01-11,8311.91,8250.85
2017-01-12,8264.83,8327.46
2017-01-13,8351.39,8323.51
2017-01-16,8299.91,8391.24
2017-01-17,8457.66,8579.28
2017-01-18,8610.1,8641.13
2017-01-19,8654.06,8650.35
2017-01-20,8591.59,8511.08
2017-01-23,8499.64,8448.43
2017-01-24,8441.25,8491.69
2017-01-25,8517.98,8465.52
2017-01-26,8421.14,8498.94
2017-01-27,8463.15,8558.13
2017-01-30,8553.26,8504.82
2017-01-31,8544.95,8573.27
2017-02-01,8626.34,8636.83
2017-02-02,8657.47,8700.06
2017-02-03,8676.9,8689.28
2017-02-06,8648.35,8700.56
2017-02-07,8641.99,8773.25
2017-02-08,8767.31,8696.5
2017-02-09,8668.18,8830.75
2017-02-10,8848.51,8880.56
2017-02-13,8860.4,8912.46
2017-02-14,8967.22,8948.92
2017-02-15,8983.8,9134.23
2017-02-16,9141.63,9079.43
2017-02-17,9069.09,9139.09
2017-02-20,9183.94,9308.85
2017-02-21,9325.31,9347.82
2017-02-22,9390.58,9357.17
2017-02-23,9392.12,9374.65
2017-02-24,9315.42,9292.4
2017-02-27,9290.59,9337.31
2017-02-28,9349.07,9272.02
2017-03-01,9239.2,9229.67
2017-03-02,9288.13,9213.76
2017-03-03,9221.95,9209.54
2017-03-06,9275.27,9340.23
2017-03-07,9370.87,9353.07
2017-03-08,9412.88,9307.23
2017-03-09,9316.52,9393.84
2017-03-10,9409.15,9407.2
2017-03-13,9409.17,9398.35
2017-03-14,9427.61,9470.97
2017-03-15,9497.8,9499.04
2017-03-16,9507.96,9512.78
2017-03-17,9518.06,9113.0
2017-03-20,9094.9,8962.62
2017-03-21,8966.99,8981.97
2017-03-22,8973.42,8992.44
2017-03-23,8988.86,9155.22
2017-03-24,9169.5,9237.21
2017-03-27,9204.96,9106.79
2017-03-28,9085.85,9060.05
2017-03-29,9073.44,9142.67
2017-03-30,9151.48,9189.16
2017-03-31,9145.38,9231.87
2017-04-03,9164.31,9290.12
2017-04-04,9332.47,9342.24
2017-04-05,9396.69,9327.72
2017-04-06,9326.77,9307.24
2017-04-07,9343.4,9326.39
2017-04-10,9350.68,9319.56
2017-04-11,9323.01,9166.76
2017-04-12,9166.36,9102.74
2017-04-13,9154.92,9216.9
2017-04-14,9160.03,9169.08
2017-04-17,9194.23,9232.24
2017-04-18,9284.28,9296.81
2017-04-19,9247.28,9309.12
2017-04-20,9371.28,9251.35
2017-04-21,9258.27,9268.84
2017-04-24,9233.08,9323.25
2017-04-25,9305.85,9242.67
2017-04-26,9208.41,9282.01
2017-04-27,9247.36,9269.13
2017-04-28,9285.1,9231.69
2017-05-01,9247.45,9249.11
2017-05-02,9266.16,9207.88
2017-05-03,9211.02,9192.47
2017-05-04,9200.81,9220.77
2017-05-05,9212.54,9313.39
2017-05-08,9262.87,9202.32
2017-05-09,9177.97,9092.68
2017-05-10,9107.96,9153.68
2017-05-11,9083.05,8962.66
2017-05-12,8987.43,8956.19
2017-05-15,8934.93,8899.89
2017-05-16,8907.45,8943.62
2017-05-17,8954.43,9012.75
2017-05-18,8997.67,8984.1
2017-05-19,8947.07,8977.69
2017-05-22,9006.13,8939.87
2017-05-23,8959.01,8922.67
2017-05-24,8924.14,8888.89
2017-05-25,8914.11,8865.01
2017-05-26,8886.92,8789.79
2017-05-29,8758.39,8748.08
2017-05-30,8742.13,8834.69
2017-05-31,8868.89,8849.98
2017-06-01,8909.88,8829.3
2017-06-02,8769.72,8819.18
2017-06-05,8800.88,8772.42
2017-06-06,8767.18,8664.59
2017-06-07,8742.45,8725.5
2017-06-08,8696.86,8566.4
2017-06-09,8525.25,8506.11
2017-06-12,8541.15,8578.67
2017-06-13,8522.25,8465.72
2017-06-14,8414.16,8412.0
2017-06-15,8365.16,8275.05
2017-06-16,8237.21,7916.92
2017-06-19,7913.34,7892.15
2017-06-20,7911.22,7950.27
2017-06-21,8029.54,7988.49
2017-06-22,7994.46,8015.89
2017-06-23,8029.67,8051.08
2017-06-26,8042.78,8063.58
2017-06-27,8006.9,8024.93
2017-06-28,8023.0,7971.06
2017-06-29,8021.53,8068.76
2017-06-30,8095.81,8164.68
2017-07-03,8221.25,8242.0
2017-07-04,8186.65,8227.13
2017-07-05,8261.7,8182.55
2017-07-06,8212.76,8223.26
2017-07-07,8262.91,8243.96
2017-07-10,8301.56,8228.66
2017-07-11,8246.18,7899.72
2017-07-12,7915.99,7802.77
2017-07-13,7818.14,7720.52
2017-07-14,7779.66,7853.26
2017-07-17,7853.77,7846.27
2017-07-18,7880.37,7723.39
2017-07-19,7713.44,7763.33
2017-07-20,7716.25,7751.09
2017-07-21,7772.93,7697.63
2017-07-24,7652.88,7630.65
2017-07-25,7629.69,7701.79
2017-07-26,7656.1,7637.97
2017-07-27,7692.39,7677.93
2017-07-28,7747.77,7792.39
2017-07-31,7823.0,7869.56
2017-08-01,7866.13,7815.21
2017-08-02,7827.88,7853.01
2017-08-03,7858.67,7817.28
2017-08-04,7820.9,7886.21
2017-08-07,7889.1,8037.43
2017-08-08,8054.54,8108.99
2017-08-09,8073.23,8087.11
2017-08-10,8074.14,8051.07
2017-08-11,8114.08,8107.15
2017-08-14,8094.48,8079.86
2017-08-15,8050.0,8080.98
2017-08-16,8085.45,8085.74
2017-08-17,8151.13,8055.82
2017-08-18,8044.17,8018.22
2017-08-21,8019.53,8011.46
2017-08-22,8041.82,8110.78
2017-08-23,8124.84,8149.28
2017-08-24,8118.69,8231.69
2017-08-25,8281.66,8276.72
2017-08-28,8277.42,8233.33
2017-08-29,8235.08,8283.28
2017-08-30,8314.95,8282.89
2017-08-31,8270.8,8191.12
2017-09-01,8219.45,8377.48
2017-09-04,8428.22,8508.33
2017-09-05,8529.74,8331.48
2017-09-06,8331.07,8273.55
2017-09-07,8266.7,8179.33
2017-09-08,8192.09,8246.78
2017-09-11,8247.9,8368.56
2017-09-12,8378.76,8322.67
2017-09-13,8371.61,8296.94
2017-09-14,8259.95,8259.38
2017-09-15,8233.93,8318.46
2017-09-18,8334.12,8355.19
2017-09-19,8340.26,8358.85
2017-09-20,8326.28,8299.6
2017-09-21,8259.56,8273.51
2017-09-22,8266.58,8283.52
2017-09-25,8251.5,8251.13
2017-09-26,8264.77,8275.77
2017-09-27,8289.11,8367.01
2017-09-28,8354.82,8443.28
2017-09-29,8444.62,8447.33
2017-10-02,8508.07,8536.31
2017-10-03,8570.49,8602.1
2017-10-04,8538.73,8526.51
2017-10-05,8546.08,8454.29
2017-10-06,8510.86,8509.89
2017-10-09,8441.99,8309.15
2017-10-10,8371.9,8298.37
2017-10-11,8303.45,8379.91
2017-10-12,8365.53,8404.61
2017-10-13,8357.41,8442.29
2017-10-16,8468.34,8510.77
2017-10-17,8476.62,8469.71
2017-10-18,8486.42,8460.68
2017-10-19,8440.37,8388.56
2017-10-20,8371.5,8353.49
2017-10-23,8328.77,8463.63
2017-10-24,8485.85,8346.26
2017-10-25,8445.12,8421.14
2017-10-26,8518.47,8549.07
2017-10-27,8549.0,8511.93
2017-10-30,8491.58,8529.01
2017-10-31,8484.44,8525.57
2017-11-01,8524.3,8436.65
2017-11-02,8404.06,8433.59
2017-11-03,8440.54,8457.1
2017-11-06,8429.53,8369.9
2017-11-07,8403.18,8328.17
2017-11-08,8301.53,8367.29
2017-11-09,8361.27,8373.46
2017-11-10,8334.04,8273.02
2017-11-13,8271.02,8246.4
2017-11-14,8230.34,8316.54
2017-11-15,8356.19,8295.07
2017-11-16,8299.41,8256.5
2017-11-17,8250.91,8251.22
2017-11-20,8291.16,8350.51
2017-11-21,8354.06,8426.31
2017-11-22,8410.89,8510.45
2017-11-23,8561.12,8426.31
2017-11-24,8451.93,8429.72
2017-11-27,8438.82,8389.77
2017-11-28,8334.95,8313.86
2017-11-29,8345.85,8427.47
2017-11-30,8448.4,8555.86
2017-12-01,8517.98,8486.0
2017-12-04,8414.74,8342.23
2017-12-05,8301.27,8272.52
2017-12-06,8275.73,8291.67
2017-12-07,8313.1,8321.94
2017-12-08,8318.66,8263.44
2017-12-11,8257.01,8289.65
2017-12-12,8254.16,8237.73
2017-12-13,8232.8,8142.98
2017-12-14,8266.97,8256.23
2017-12-15,8220.79,8240.43
2017-12-18,8183.62,8345.44
2017-12-19,8389.59,8348.68
2017-12-20,8324.38,8303.35
2017-12-21,8279.87,8367.88
2017-12-22,8331.63,8309.66
2017-12-25,8297.6,8371.67
2017-12-26,8368.36,8392.52
2017-12-27,8390.69,8423.22
2017-12-28,8441.09,8476.61
2017-12-29,8506.58,8495.83
2018-01-01,8469.78,8608.89
2018-01-02,8586.67,8621.4
2018-01-03,8604.13,8551.73
2018-01-04,8523.53,8569.56
2018-01-05,8594.45,8520.15
2018-01-08,8516.0,8600.56
2018-01-09,8676.37,8739.22
2018-01-10,8785.84,8773.53
2018-01-11,8730.89,8785.52
2018-01-12,8752.09,8764.99
2018-01-15,8761.88,8863.47
2018-01-16,8882.21,8796.18
2018-01-17,8776.89,8789.91
2018-01-18,8758.01,8710.43
2018-01-19,8683.43,8648.57
2018-01-22,8632.39,8713.96
2018-01-23,8707.55,8748.44
2018-01-24,8702.73,8700.0
2018-01-25,8717.3,8792.33
2018-01-26,8810.64,8768.54
2018-01-29,8775.27,8732.89
2018-01-30,8718.47,8701.28
2018-01-31,8650.09,8776.04
2018-02-01,8707.11,8757.98
2018-02-02,8787.04,8735.25
2018-02-05,8728.05,8679.41
2018-02-06,8689.48,8695.1
2018-02-07,8715.14,8703.21
2018-02-08,8740.75,8706.45
2018-02-09,8693.36,8725.76
2018-02-12,8714.7,8677.13
2018-02-13,8721.75,8681.52
2018-02-14,8740.28,8661.45
2018-02-15,8666.23,8611.88
2018-02-16,8616.42,8785.97
2018-02-19,8802.65,8624.36
2018-02-20,8625.59,8644.76
2018-02-21,8622.49,8364.1
2018-02-22,8398.75,8476.15
2018-02-23,8447.1,8369.76
2018-02-26,8381.58,8427.42
2018-02-27,8402.31,8487.5
2018-02-28,8454.89,8465.58
2018-03-01,8437.61,8371.51
2018-03-02,8401.15,8435.26
2018-03-05,8479.75,8556.77
2018-03-06,8579.12,8589.29
2018-03-07,8565.87,8674.27
2018-03-08,8675.02,8818.66
2018-03-09,8888.16,8794.02
2018-03-12,8837.13,8753.67
2018-03-13,8828.21,8834.98
2018-03-14,8815.86,8738.24
2018-03-15,8740.25,8781.93
2018-03-16,8791.68,8757.23
2018-03-19,8796.02,8708.71
2018-03-20,8725.76,8669.06
2018-03-21,8670.39,8644.27
2018-03-22,8635.16,8753.43
2018-03-23,8754.42,8740.37
2018-03-26,8774.9,8821.04
2018-03-27,8787.11,8777.17
2018-03-28,8752.91,8785.11
2018-03-29,8758.65,8673.68
2018-03-30,8591.94,8490.97
2018-04-02,8464.78,8453.9
2018-04-03,8407.13,8487.41
2018-04-04,8498.07,8619.46
2018-04-05,8611.39,8631.36
2018-04-06,8590.96,8579.85
2018-04-09,8539.45,8590.65
2018-04-10,8637.43,8545.83
2018-04-11,8505.29,8571.99
2018-04-12,8617.76,8787.4
2018-04-13,8808.65,8824.56
2018-04-16,8833.37,8822.89
2018-04-17,8845.93,8824.67
2018-04-18,8795.31,8825.33
2018-04-19,8751.27,8836.19
2018-04-20,8799.27,8840.03
2018-04-23,8851.8,8873.74
2018-04-24,8908.53,8868.28
2018-04-25,8835.82,8824.12
2018-04-26,8848.58,8909.06
2018-04-27,8896.4,8827.17
2018-04-30,8879.72,8866.52
2018-05-01,8820.88,8792.4
2018-05-02,8751.56,8775.5
2018-05-03,8804.58,8762.9
2018-05-04,8758.35,8821.65
2018-05-07,8821.04,8814.66
2018-05-08,8842.38,8830.45
2018-05-09,8805.24,8715.07
2018-05-10,8785.49,8806.57
2018-05-11,8783.95,8865.34
2018-05-14,8906.7,8766.87
2018-05-15,8838.61,8917.16
2018-05-16,8840.97,8865.99
2018-05-17,8842.76,8821.84
2018-05-18,8880.54,8842.17
2018-05-21,8878.02,8880.07
2018-05-22,8925.04,8956.74
2018-05-23,9003.77,9110.66
2018-05-24,9092.24,9163.13
2018-05-25,9104.82,8723.13
2018-05-28,8764.14,8727.75
2018-05-29,8694.49,8684.92
2018-05-30,8680.57,8591.36
2018-05-31,8623.97,8724.7
2018-06-01,8764.44,8858.3
2018-06-04,8864.19,8934.92
2018-06-05,8923.65,9063.51
2018-06-06,9038.5,8996.17
2018-06-07,9004.06,9071.24
2018-06-08,9068.6,8977.62
2018-06-11,8919.86,9004.11
2018-06-12,9033.69,8926.11
2018-06-13,8918.04,9068.81
2018-06-14,9098.14,8741.64
2018-06-15,8716.05,8791.67
2018-06-18,8866.6,8943.26
2018-06-19,8947.09,8784.41
2018-06-20,8791.2,8952.45
2018-06-21,8937.66,8950.0
2018-06-22,8951.06,8925.37
2018-06-25,8874.21,8394.25
2018-06-26,8391.82,8480.71
2018-06-27,8482.04,8326.97
2018-06-28,8334.14,8383.58
2018-06-29,8357.44,8373.95
2018-07-02,8393.47,8437.39
2018-07-03,8473.5,8476.6
2018-07-04,8502.58,8497.58
2018-07-05,8441.92,8343.49
2018-07-06,8324.46,8388.63
2018-07-09,8451.79,8557.93
2018-07-10,8523.56,8499.76
2018-07-11,8438.32,8071.3
2018-07-12,8074.02,8115.1
2018-07-13,8141.34,8146.85
2018-07-16,8176.25,8191.11
2018-07-17,8249.83,8308.42
2018-07-18,8304.55,8307.82
2018-07-19,8307.01,8253.91
2018-07-20,8216.32,8251.74
2018-07-23,8262.17,8243.57
2018-07-24,8279.2,8143.53
2018-07-25,8146.51,8135.21
2018-07-26,8112.38,8224.17
2018-07-27,8277.55,8256.98
2018-07-30,8304.91,8316.75
2018-07-31,8338.39,8406.66
2018-08-01,8456.66,8406.51
2018-08-02,8389.22,8322.12
2018-08-03,8314.85,8224.3
2018-08-06,8217.06,8231.77
2018-08-07,8260.23,8269.18
2018-08-08,8206.13,8273.24
2018-08-09,8295.09,8292.4
2018-08-10,8283.73,8266.93
2018-08-13,8266.43,8196.4
2018-08-14,8189.02,8160.43
2018-08-15,8156.31,8123.92
2018-08-16,8162.72,8200.61
2018-08-17,8219.55,8199.6
2018-08-20,8196.55,8082.47
2018-08-21,8082.68,8013.23
2018-08-22,8028.33,8011.81
2018-08-23,8018.78,7910.48
2018-08-24,7927.87,7921.99
2018-08-27,7894.58,7941.71
2018-08-28,7897.62,7885.41
2018-08-29,7884.82,7876.73
2018-08-30,7890.15,8042.19
2018-08-31,8043.44,8184.32
2018-09-03,8152.67,7923.07
2018-09-04,7958.06,7975.74
2018-09-05,7925.75,8021.03
2018-09-06,8018.77,7846.63
2018-09-07,7897.89,7808.31
2018-09-10,7854.65,7910.19
2018-09-11,7897.17,7863.75
2018-09-12,7825.44,7741.75
2018-09-13,7734.6,7716.88
2018-09-14,7736.56,7667.34
2018-09-17,7662.45,7661.01
2018-09-18,7643.3,7661.0
2018-09-19,7664.97,7642.12
2018-09-20,7689.58,7621.33
2018-09-21,7614.79,7639.79
2018-09-24,7622.97,7599.72
2018-09-25,7623.61,7718.71
2018-09-26,7703.56,7793.36
2018-09-27,7834.22,7745.55
2018-09-28,7775.08,7787.98
2018-10-01,7788.18,7800.69
2018-10-02,7818.44,7905.67
2018-10-03,7918.56,7917.52
2018-10-04,7911.9,7912.83
2018-10-05,7884.73,7893.8
2018-10-08,7919.74,7938.65
2018-10-09,7934.44,7886.76
2018-10-10,7890.07,7935.92
2018-10-11,7892.74,7861.72
2018-10-12,7904.18,7882.92
2018-10-15,7862.35,7855.89
2018-10-16,7876.38,7857.29
2018-10-17,7842.45,7840.21
2018-10-18,7854.7,7982.03
2018-10-19,7965.13,8045.84
2018-10-22,8026.06,7963.47
2018-10-23,7983.91,8138.63
2018-10-24,8129.26,8079.98
2018-10-25,8034.07,8010.98
2018-10-26,8045.18,8087.03
2018-10-29,8116.42,8123.33
2018-10-30,8090.6,8127.45
2018-10-31,8109.2,8083.13
2018-11-01,8030.7,8106.55
2018-11-02,8089.32,8175.1
2018-11-05,8170.8,8208.15
2018-11-06,8230.53,8262.92
2018-11-07,8312.7,8431.49
2018-11-08,8405.02,8500.33
2018-11-09,8534.55,8559.39
2018-11-12,8588.87,8550.93
2018-11-13,8489.56,8069.21
2018-11-14,8034.32,8046.72
2018-11-15,7999.21,7935.84
2018-11-16,7926.7,7970.38
2018-11-19,7953.39,7968.94
2018-11-20,7971.43,8126.8
2018-11-21,8098.88,8292.68
2018-11-22,8384.64,8340.11
2018-11-23,8347.56,8316.77
2018-11-26,8307.2,8384.72
2018-11-27,8367.3,8382.78
2018-11-28,8354.57,8297.92
2018-11-29,8295.5,8294.7
2018-11-30,8338.53,8313.14
2018-12-03,8317.56,8396.95
2018-12-04,8396.72,8481.34
2018-12-05,8422.01,8379.16
2018-12-06,8408.5,8369.6
2018-12-07,8364.72,8401.38
2018-12-10,8426.32,8512.71
2018-12-11,8499.11,8470.24
2018-12-12,8484.12,8457.3
2018-12-13,8490.52,8535.57
2018-12-14,8505.06,8451.84
2018-12-17,8413.65,8412.94
2018-12-18,8479.56,8579.7
2018-12-19,8573.72,8537.3
2018-12-20,8542.79,8559.52
2018-12-21,8543.78,8534.23
2018-12-24,8499.66,8578.43
2018-12-25,8561.33,8551.49
2018-12-26,8546.51,8681.07
2018-12-27,8699.6,8802.13
2018-12-28,8788.87,8800.67
2018-12-31,8768.92,8802.13
2019-01-01,8785.18,8787.92
2019-01-02,8787.72,8725.09
2019-01-03,8728.24,8657.06
2019-01-04,8626.76,8572.96
2019-01-07,8550.91,8548.18
2019-01-08,8552.75,8547.87
2019-01-09,8550.46,8501.7
2019-01-10,8500.94,8518.56
2019-01-11,8521.93,8566.49
2019-01-14,8523.45,8580.26
2019-01-15,8513.91,8543.0
2019-01-16,8556.85,8588.5
2019-01-17,8610.85,8491.17
2019-01-18,8485.09,8482.76
2019-01-21,8520.92,8477.44
2019-01-22,8506.45,8321.53
2019-01-23,8285.47,8305.64
2019-01-24,8359.65,8420.85
2019-01-25,8384.99,8461.23
2019-01-28,8421.03,8480.84
2019-01-29,8503.44,8486.68
2019-01-30,8487.17,8533.83
2019-01-31,8539.34,8471.59
2019-02-01,8475.86,8499.72
2019-02-04,8461.07,8485.16
2019-02-05,8477.57,8462.97
2019-02-06,8465.44,8503.25
2019-02-07,8573.96,8638.38
2019-02-08,8617.22,8648.33
2019-02-11,8656.58,8794.23
2019-02-12,8764.65,8753.2
2019-02-13,8754.06,8814.17
2019-02-14,8805.32,8901.55
2019-02-15,8894.65,8901.58
2019-02-18,8849.8,8832.37
2019-02-19,8845.22,8877.96
2019-02-20,8904.85,8946.07
2019-02-21,8919.92,8976.27
2019-02-22,8961.24,8968.01
2019-02-25,8952.81,9072.83
2019-02-26,9073.15,8882.16
2019-02-27,8886.12,8963.37
2019-02-28,8980.57,9020.63
2019-03-01,8997.19,9023.93
2019-03-04,8939.23,8846.4
2019-03-05,8887.69,8948.85
2019-03-06,8958.62,9047.15
2019-03-07,9049.72,8948.84
2019-03-08,9020.37,8926.72
2019-03-11,8953.56,8942.79
2019-03-12,8934.44,8845.85
2019-03-13,8807.35,8805.94
2019-03-14,8796.16,8864.27
2019-03-15,8914.8,8842.17
2019-03-18,8803.33,8795.01
2019-03-19,8814.66,8880.46
2019-03-20,8885.9,8855.32
2019-03-21,8881.4,8917.53
2019-03-22,8938.99,8858.04
2019-03-25,8876.71,8868.31
2019-03-26,8877.21,8863.47
2019-03-27,8880.35,8834.32
2019-03-28,8820.65,8781.91
2019-03-29,8805.57,8788.28
2019-04-01,8802.26,8931.84
2019-04-02,8891.17,8988.3
2019-04-03,8986.39,9025.85
2019-04-04,9061.29,9106.19
2019-04-05,9134.36,9113.44
2019-04-08,9118.57,9054.1
2019-04-09,9073.74,9050.28
2019-04-10,9056.24,9061.09
2019-04-11,9092.89,9029.32
2019-04-12,8999.55,9016.44
2019-04-15,9037.11,8983.18
2019-04-16,9070.17,9025.74
2019-04-17,9073.93,9101.01
2019-04-18,9074.87,9012.56
2019-04-19,9074.17,9204.31
2019-04-22,9131.98,9179.6
2019-04-23,9208.56,9260.73
2019-04-24,9257.29,9187.73
2019-04-25,9279.69,9345.7
2019-04-26,9344.31,9320.47
2019-04-29,9284.37,9240.76
2019-04-30,9232.74,9141.47
2019-05-01,9193.34,9170.57
2019-05-02,9186.4,9101.29
2019-05-03,9103.34,8675.14
2019-05-06,8661.33,8503.59
2019-05-07,8481.8,8383.45
2019-05-08,8400.21,8353.6
2019-05-09,8368.23,8329.75
2019-05-10,8276.24,8300.43
2019-05-13,8271.91,8183.14
2019-05-14,8187.43,8197.16
2019-05-15,8249.27,8228.99
2019-05-16,8176.41,8360.17
2019-05-17,8410.19,8347.72
2019-05-20,8356.29,8211.04
2019-05-21,8195.89,7791.79
2019-05-22,7755.89,7371.57
2019-05-23,7372.5,7434.89
2019-05-24,7416.08,7404.37
2019-05-27,7398.55,7413.28
2019-05-28,7373.88,7326.12
2019-05-29,7363.2,7530.02
2019-05-30,7557.51,7535.17
2019-05-31,7511.6,7518.74
2019-06-03,7444.4,7441.0
2019-06-04,7446.55,7447.11
2019-06-05,7486.39,7412.49
2019-06-06,7411.59,7358.68
2019-06-07,7347.8,7273.83
2019-06-10,7309.1,7254.99
2019-06-11,7240.55,7237.64
2019-06-12,7246.6,7298.56
2019-06-13,7320.7,7353.35
2019-06-14,7353.55,7388.24
2019-06-17,7385.99,7365.72
2019-06-18,7399.46,7422.1
2019-06-19,7458.66,7399.78
2019-06-20,7408.22,7395.62
2019-06-21,7374.83,7345.85
2019-06-24,7400.44,7491.22
2019-06-25,7533.53,7483.85
2019-06-26,7451.52,7543.79
2019-06-27,7622.02,7628.04
2019-06-28,7650.73,7697.28
2019-07-01,7734.45,7782.51
2019-07-02,7780.57,7752.35
2019-07-03,7767.35,7730.03
2019-07-04,7708.49,7796.79
2019-07-05,7808.54,7840.41
2019-07-08,7884.06,7813.34
2019-07-09,7848.64,7882.12
2019-07-10,7936.72,7949.71
2019-07-11,7943.02,8051.18
2019-07-12,8094.17,8121.21
2019-07-15,8151.89,8107.71
2019-07-16,8118.43,8175.02
2019-07-17,8148.67,8097.16
2019-07-18,8067.72,8006.88
2019-07-19,7983.46,7917.01
2019-07-22,7970.95,7889.19
2019-07-23,7854.23,7844.53
2019-07-24,7823.09,7807.97
2019-07-25,7803.21,7828.73
2019-07-26,7844.34,7835.44
2019-07-29,7858.09,7836.65
2019-07-30,7805.42,7780.49
2019-07-31,7792.71,7767.62
2019-08-01,7784.8,7726.36
2019-08-02,7694.48,7537.55
2019-08-05,7438.97,7378.47
2019-08-06,7370.58,7407.6
2019-08-07,7431.18,7416.83
2019-08-08,7423.52,7422.76
2019-08-09,7429.66,7505.56
2019-08-12,7551.05,7625.42
2019-08-13,7621.08,7533.06
2019-08-14,7538.27,7443.21
2019-08-15,7475.75,7455.45
2019-08-16,7460.06,7563.62
2019-08-19,7577.27,7569.11
2019-08-20,7596.32,7565.02
2019-08-21,7564.5,7472.92
2019-08-22,7489.7,7501.76
2019-08-23,7467.79,7494.56
2019-08-26,7507.95,7530.02
2019-08-27,7478.4,7408.34
2019-08-28,7452.96,7549.2
2019-08-29,7565.41,7394.43
2019-08-30,7372.41,7465.67
2019-09-02,7503.14,7508.07
2019-09-03,7486.58,7556.53
2019-09-04,7560.17,7500.02
2019-09-05,7548.77,7374.23
2019-09-06,7413.14,7424.58
2019-09-09,7406.73,7440.55
2019-09-10,7407.49,7356.77
2019-09-11,7397.84,7378.32
2019-09-12,7368.84,7398.97
2019-09-13,7418.12,7428.12
2019-09-16,7441.85,7417.69
2019-09-17,7440.83,7394.2
2019-09-18,7391.59,7382.11
2019-09-19,7362.41,7354.17
2019-09-20,7415.63,7509.17
2019-09-23,7508.8,7640.64
2019-09-24,7688.62,7723.89
2019-09-25,7660.26,7787.82
2019-09-26,7788.76,7880.73
2019-09-27,7929.89,7934.86
2019-09-30,7988.86,8044.88
2019-10-01,8000.91,7972.53
2019-10-02,7943.44,7903.76
2019-10-03,7896.02,7841.29
2019-10-04,7862.87,7781.07
2019-10-07,7737.24,7804.02
2019-10-08,7828.67,7807.44
2019-10-09,7883.49,7783.11
2019-10-10,7842.9,7845.55
2019-10-11,7851.43,7871.55
2019-10-14,7824.92,7821.33
2019-10-15,7790.84,7765.36
2019-10-16,7744.14,7819.41
2019-10-17,7838.31,7856.35
2019-10-18,7892.9,7909.49
2019-10-21,7937.75,7969.76
2019-10-22,7948.24,7880.49
2019-10-23,7865.27,7812.48
2019-10-24,7819.02,7815.61
2019-10-25,7810.54,7903.88
2019-10-28,7940.24,7913.33
2019-10-29,7921.38,7968.94
2019-10-30,7946.1,8110.95
2019-10-31,8115.35,8149.49
2019-11-01,8201.14,8270.3
2019-11-04,8309.77,8398.35
2019-11-05,8468.18,8458.41
2019-11-06,8511.41,8516.36
2019-11-07,8553.47,8592.47
2019-11-08,8585.02,8543.53
2019-11-11,8565.49,8555.0
2019-11-12,8535.53,8481.06
2019-11-13,8441.45,8523.38
2019-11-14,8527.91,8565.86
2019-11-15,8588.31,8589.47
2019-11-18,8589.52,8552.21
2019-11-19,8497.08,8573.19
2019-11-20,8574.81,8597.69
2019-11-21,8611.72,8534.07
2019-11-22,8575.41,8628.14
2019-11-25,8650.41,8683.16
2019-11-26,8674.67,8696.93
2019-11-27,8643.72,8794.73
2019-11-28,8881.33,8941.13
2019-11-29,8979.99,9089.33
2019-12-02,9096.68,8993.78
2019-12-03,9019.45,8996.2
2019-12-04,8985.84,8898.15
2019-12-05,8931.16,8955.9
2019-12-06,8948.62,9050.56
2019-12-09,9090.79,9035.69
2019-12-10,9021.22,9087.69
2019-12-11,9085.0,9127.81
2019-12-12,9155.01,9240.77
2019-12-13,9269.09,9192.6
2019-12-16,9167.63,9193.46
2019-12-17,9142.67,9210.01
2019-12-18,9170.51,9147.77
2019-12-19,9194.23,9077.87
2019-12-20,9078.8,9077.38
2019-12-23,9093.59,9244.04
2019-12-24,9193.63,9163.19
2019-12-25,9168.35,9075.38
2019-12-26,9080.05,8888.31
2019-12-27,8875.42,9045.7
2019-12-30,9043.28,9145.74
2019-12-31,9203.89,9145.57
2020-01-01,9135.61,9090.39
2020-01-02,9038.65,9163.07
2020-01-03,9149.9,9182.62
2020-01-06,9188.65,9192.56
2020-01-07,9207.61,9333.86
2020-01-08,9362.96,9263.25
2020-01-09,9265.72,9194.47
2020-01-10,9198.82,9195.23
2020-01-13,9185.27,9091.77
2020-01-14,9084.86,9079.56
2020-01-15,9114.92,9071.36
2020-01-16,9074.16,9111.72
2020-01-17,9074.06,8999.87
2020-01-20,9036.74,9097.51
2020-01-21,9054.62,9162.71
2020-01-22,9190.2,9177.84
2020-01-23,9111.92,9146.32
2020-01-24,9156.42,9088.13
2020-01-27,9108.66,9065.53
2020-01-28,9050.35,9049.58
2020-01-29,8994.71,9082.68
2020-01-30,9126.09,9118.46
2020-01-31,9102.21,9192.44
2020-02-03,9184.02,9213.68
2020-02-04,9160.68,9185.21
2020-02-05,9206.4,9223.25
2020-02-06,9199.23,9300.33
2020-02-07,9263.14,9400.86
2020-02-10,9418.07,9419.95
2020-02-11,9438.22,9420.66
2020-02-12,9377.34,9456.14
2020-02-13,9480.28,9429.02
2020-02-14,9467.91,9407.38
2020-02-17,9397.38,9401.9
2020-02-18,9424.12,9321.8
2020-02-19,9299.71,9317.29
2020-02-20,9365.98,9515.3
2020-02-21,9540.79,9549.46
2020-02-24,9597.36,9570.65
2020-02-25,9590.08,9733.33
2020-02-26,9705.98,9549.23
2020-02-27,9526.42,9527.48
2020-02-28,9492.57,9463.91
2020-03-02,9503.99,9498.47
2020-03-03,9473.52,9543.82
2020-03-04,9565.93,9406.76
2020-03-05,9410.42,9474.48
2020-03-06,9541.04,9734.94
2020-03-09,9705.51,9413.7
2020-03-10,9407.52,9383.87
2020-03-11,9459.53,9420.37
2020-03-12,9354.52,9126.16
2020-03-13,9171.7,9119.7
2020-03-16,9091.97,8672.3
2020-03-17,8665.11,8602.52
2020-03-18,8584.96,8596.53
2020-03-19,8578.38,8677.58
2020-03-20,8647.56,8652.99
2020-03-23,8596.7,8281.85
2020-03-24,8289.74,8222.46
2020-03-25,8278.29,8399.85
2020-03-26,8346.51,8449.24
2020-03-27,8453.92,8522.52
2020-03-30,8482.13,8553.42
2020-03-31,8583.24,8594.32
2020-04-01,8638.52,8862.52
2020-04-02,8911.31,8909.14
2020-04-03,8898.3,9037.31
2020-04-06,9005.22,8899.56
2020-04-07,8897.16,8768.29
2020-04-08,8840.93,8873.53
2020-04-09,8886.06,8979.36
2020-04-10,9033.33,9122.2
2020-04-13,9148.17,8980.33
2020-04-14,9021.65,9031.72
2020-04-15,9064.24,9017.93
2020-04-16,9081.91,9051.26
2020-04-17,8999.56,8981.17
2020-04-20,9011.71,9060.39
2020-04-21,9075.95,9099.4
2020-04-22,9056.55,9086.29
2020-04-23,9108.88,9041.59
2020-04-24,9053.93,8876.85
2020-04-27,8860.74,8882.07
2020-04-28,8915.94,8917.9
2020-04-29,8940.31,9005.38
2020-04-30,9055.73,9112.85
2020-05-01,9067.45,9206.4
2020-05-04,9228.56,9218.93
2020-05-05,9237.78,9244.1
2020-05-06,9283.39,9177.68
2020-05-07,9177.61,9168.78
2020-05-08,9285.28,9365.04
2020-05-11,9377.12,9263.76
2020-05-12,9235.33,8909.46
2020-05-13,8931.42,8949.81
2020-05-14,8935.75,9075.39
2020-05-15,9085.06,9128.75
2020-05-18,9131.2,9168.16
2020-05-19,9141.08,9074.69
2020-05-20,9041.09,8997.86
2020-05-21,8988.58,8999.78
2020-05-22,8997.3,9145.44
2020-05-25,9181.12,9150.47
2020-05-26,9161.73,9281.27
2020-05-27,9246.7,9241.53
2020-05-28,9255.67,9217.66
2020-05-29,9227.69,9110.65
2020-06-01,9084.91,9076.31
2020-06-02,9086.29,9073.5
2020-06-03,9057.62,9073.31
2020-06-04,9100.64,9077.95
2020-06-05,9156.45,9261.33
2020-06-08,9277.08,9284.29
2020-06-09,9319.98,9245.31
2020-06-10,9274.5,9335.82
2020-06-11,9351.8,9389.88
2020-06-12,9413.6,9488.12
2020-06-15,9462.13,9374.99
2020-06-16,9330.25,9398.44
2020-06-17,9294.24,9313.79
2020-06-18,9284.01,9207.38
2020-06-19,9200.28,9279.99
2020-06-22,9261.76,9231.67
2020-06-23,9251.29,9235.01
2020-06-24,9263.21,9370.82
2020-06-25,9335.86,9556.72
2020-06-26,9604.0,9480.88
2020-06-29,9473.72,9684.15
2020-06-30,9688.73,9786.21
2020-07-01,9824.8,9815.69
2020-07-02,9892.49,9921.72
2020-07-03,9919.99,9981.79
2020-07-06,9986.14,10073.49
2020-07-07,10019.36,9931.59
2020-07-08,9996.63,10030.66
2020-07-09,10015.04,9899.74
2020-07-10,9865.3,9814.72
2020-07-13,9737.33,9862.25
2020-07-14,9877.98,9980.2
2020-07-15,9968.56,9927.03
2020-07-16,9922.09,10091.56
2020-07-17,10090.33,10027.05
2020-07-20,10033.75,10004.92
2020-07-21,10010.97,10023.11
2020-07-22,10056.13,10059.23
2020-07-23,10064.01,10117.03
2020-07-24,10108.7,10202.43
2020-07-27,10254.93,10399.15
2020-07-28,10365.16,10363.6
2020-07-29,10376.59,10224.28
2020-07-30,10182.13,10212.29
2020-07-31,10139.24,10277.46
2020-08-03,10202.33,10071.99
2020-08-04,10145.59,10121.99
2020-08-05,10138.45,10130.49
2020-08-06,10156.35,10271.16
2020-08-07,10359.99,10421.0
2020-08-10,10323.82,10299.76
2020-08-11,10284.37,10414.64
2020-08-12,10407.34,10545.62
2020-08-13,10518.82,10543.91
2020-08-14,10604.63,10643.82
2020-08-17,10681.66,10671.25
2020-08-18,10655.95,10634.78
2020-08-19,10537.31,10623.34
2020-08-20,10615.23,10841.53
2020-08-21,10842.91,10964.8
2020-08-24,10982.32,11191.2
2020-08-25,11141.0,11168.62
2020-08-26,11230.93,11283.27
2020-08-27,11279.29,11284.11
2020-08-28,11256.49,11317.5
2020-08-31,11320.13,11356.25
2020-09-01,11349.01,11322.77
2020-09-02,11265.91,11346.88
2020-09-03,11320.29,11320.53
2020-09-04,11360.34,11430.9
2020-09-07,11451.17,11461.65
2020-09-08,11468.84,11363.36
2020-09-09,11417.54,11610.62
2020-09-10,11597.81,11514.33
2020-09-11,11522.04,11488.09
2020-09-14,11487.77,11312.59
2020-09-15,11329.86,11256.12
2020-09-16,11205.97,11231.0
2020-09-17,11251.61,11300.96
2020-09-18,11275.46,11189.31
2020-09-21,11294.97,11351.03
2020-09-22,11369.17,11271.32
2020-09-23,11328.54,11150.04
2020-09-24,11127.85,11234.18
2020-09-25,11273.12,11201.62
2020-09-28,11173.53,11389.79
2020-09-29,11416.55,11521.04
2020-09-30,11610.1,11640.72
2020-10-01,11664.49,11688.19
2020-10-02,11723.21,11681.36
2020-10-05,11616.51,11614.32
2020-10-06,11583.94,11577.46
2020-10-07,11616.69,11738.86
2020-10-08,11763.49,11799.63
2020-10-09,11782.5,11725.7
2020-10-12,11769.57,11738.32
2020-10-13,11810.66,11766.77
2020-10-14,11754.15,11818.01
2020-10-15,11828.58,11825.51
2020-10-16,11850.31,11902.66
2020-10-19,11874.62,11793.72
2020-10-20,11832.45,11817.61
2020-10-21,11806.0,11755.0
2020-10-22,11752.65,11827.61
2020-10-23,11803.58,11741.09
2020-10-26,11759.23,11700.52
2020-10-27,11713.67,11716.81
2020-10-28,11739.27,11748.27
2020-10-29,11684.42,11765.09
2020-10-30,11793.13,11557.96
2020-11-02,11532.11,11439.99
2020-11-03,11414.65,11512.6
2020-11-04,11446.77,11354.73
2020-11-05,11387.93,11464.05
2020-11-06,11431.16,11514.57
2020-11-09,11484.87,11666.22
2020-11-10,11720.01,11702.42
2020-11-11,11654.37,11797.07
2020-11-12,11753.37,11702.88
2020-11-13,11650.22,11771.34
2020-11-16,11831.56,11965.81
2020-11-17,12093.93,12274.41
2020-11-18,12265.02,12344.63
2020-11-19,12387.71,12500.82
2020-11-20,12503.14,12651.14
2020-11-23,12656.25,12703.27
2020-11-24,12675.73,12873.68
2020-11-25,12819.46,12919.92
2020-11-26,12947.32,12881.54
2020-11-27,12915.5,12904.51
2020-11-30,12967.33,13102.78
2020-12-01,13043.57,12960.59
2020-12-02,12923.04,12837.2
2020-12-03,12869.33,12958.88
2020-12-04,13020.74,13041.54
2020-12-07,12924.62,13050.83
2020-12-08,13026.85,13103.57
2020-12-09,13135.63,13049.45
2020-12-10,13045.34,12966.26
2020-12-11,12999.81,12865.68
2020-12-14,12878.49,12966.64
2020-12-15,12982.83,13078.63
2020-12-16,13141.47,13139.11
2020-12-17,13131.81,13212.18
2020-12-18,13188.46,13209.98
2020-12-21,13303.77,13511.19
2020-12-22,13462.96,13668.05
2020-12-23,13687.67,13666.82
2020-12-24,13715.56,13554.65
2020-12-25,13565.83,13752.39
2020-12-28,13823.44,14030.41
2020-12-29,14150.9,13961.12
2020-12-30,14004.63,13998.87
2020-12-31,14063.59,14027.73
2021-01-01,14006.06,14064.63
2021-01-04,14173.45,14171.07
2021-01-05,14082.62,14231.41
2021-01-06,14160.29,14102.43
2021-01-07,14106.3,14064.49
2021-01-08,14133.54,14287.32
2021-01-11,14378.46,14407.33
2021-01-12,14404.93,14490.29
2021-01-13,14600.17,14654.92
2021-01-14,14624.3,14381.13
2021-01-15,14423.09,14405.78
2021-01-18,14368.73,14438.11
2021-01-19,14384.0,14353.61
2021-01-20,14338.59,14455.89
2021-01-21,14473.77,14422.33
2021-01-22,14409.44,14523.35
2021-01-25,14474.46,14442.56
2021-01-26,14477.74,14638.21
2021-01-27,14585.62,14558.54
2021-01-28,14521.59,14477.89
2021-01-29,14507.71,14246.43
2021-02-01,14188.86,14299.54
2021-02-02,14242.11,14211.07
2021-02-03,14177.73,14167.0
2021-02-04,14180.22,14225.41
2021-02-05,14137.07,14394.23
2021-02-08,14408.51,14323.22
2021-02-09,14268.3,14363.8
2021-02-10,14373.31,14415.24
2021-02-11,14376.14,14546.24
2021-02-12,14536.34,14444.74
2021-02-15,14477.83,14435.22
2021-02-16,14478.24,14316.55
2021-02-17,14341.6,14402.16
2021-02-18,14357.61,14476.27
2021-02-19,14525.06,14416.71
2021-02-22,14329.31,14221.44
2021-02-23,14286.91,14220.96
2021-02-24,14197.76,14238.38
2021-02-25,14258.49,14429.8
2021-02-26,14430.98,14497.54
2021-03-01,14470.3,14419.82
2021-03-02,14308.86,14297.76
2021-03-03,14335.99,14368.46
2021-03-04,14252.97,14331.6
2021-03-05,14241.73,14114.81
2021-03-08,14073.07,14005.67
2021-03-09,13931.46,13723.99
2021-03-10,13573.58,13575.03
2021-03-11,13638.27,13624.11
2021-03-12,13640.36,13611.52
2021-03-15,13549.84,13622.31
2021-03-16,13710.69,13742.36
2021-03-17,13816.2,13876.83
2021-03-18,13765.81,13712.3
2021-03-19,13661.6,13787.99
2021-03-22,13707.62,13765.32
2021-03-23,13747.82,13803.13
2021-03-24,13826.66,13824.03
2021-03-25,13931.31,13945.41
2021-03-26,13917.03,13882.34
2021-03-29,13843.88,13940.05
2021-03-30,13974.82,13979.72
2021-03-31,13938.84,13970.92
2021-04-01,13929.2,13931.39
2021-04-02,13984.76,14068.08
2021-04-05,14024.06,14131.65
2021-04-06,14083.03,14132.16
2021-04-07,14131.78,14242.58
2021-04-08,14206.73,14290.25
2021-04-09,14255.94,14253.12
2021-04-12,14278.38,14324.78
2021-04-13,14307.24,14351.9
2021-04-14,14415.12,14196.14
2021-04-15,14151.01,14064.25
2021-04-16,14084.21,14050.76
2021-04-19,13962.4,13813.52
2021-04-20,13826.51,13904.44
2021-04-21,13982.11,14079.88
2021-04-22,14088.25,14101.52
2021-04-23,14074.38,14094.69
2021-04-26,14036.62,14049.15
2021-04-27,14032.14,13920.91
2021-04-28,13875.89,13647.79
2021-04-29,13735.36,13720.95
2021-04-30,13738.0,13779.43
2021-05-03,13836.92,13942.47
2021-05-04,13953.79,13998.41
2021-05-05,13973.86,13912.54
2021-05-06,13849.5,13859.07
2021-05-07,13951.25,13926.86
2021-05-10,13958.1,13855.73
2021-05-11,13912.02,14023.67
2021-05-12,14121.33,14101.87
2021-05-13,14153.56,14140.87
2021-05-14,14072.49,13957.43
2021-05-17,14063.88,14175.36
2021-05-18,14180.97,14276.62
2021-05-19,14252.47,14365.66
2021-05-20,14502.28,14613.67
2021-05-21,14591.77,14625.96
2021-05-24,14726.7,14865.74
2021-05-25,14944.22,14891.7
2021-05-26,14879.78,14773.27
2021-05-27,14844.36,15089.51
2021-05-28,15125.77,15129.4
2021-05-31,15211.78,15596.52
2021-06-01,15665.0,15578.54
2021-06-02,15509.12,15706.8
2021-06-03,15726.55,15629.36
2021-06-04,15667.72,15541.18
2021-06-07,15528.31,15647.12
2021-06-08,15734.1,15670.75
2021-06-09,15639.84,15552.04
2021-06-10,15481.89,15470.03
2021-06-11,15561.52,15723.6
2021-06-14,15821.43,15990.29
2021-06-15,16060.68,16117.02
2021-06-16,16146.46,16223.66
2021-06-17,16258.51,16299.82
2021-06-18,16356.39,16279.3
2021-06-21,16281.11,16259.44
2021-06-22,16215.46,16372.49
2021-06-23,16399.47,16489.48
2021-06-24,16645.75,16650.95
2021-06-25,16663.59,16536.27
2021-06-28,16417.53,16527.05
2021-06-29,16450.77,16494.5
2021-06-30,16525.85,16324.33
2021-07-01,16324.8,16415.35
2021-07-02,16453.56,16509.96
2021-07-05,16714.51,16681.94
2021-07-06,16761.74,16839.08
2021-07-07,16871.99,16990.54
2021-07-08,17012.85,17060.6
2021-07-09,17013.11,17018.94
2021-07-12,16997.11,17009.46
2021-07-13,16997.14,17127.3
2021-07-14,17054.83,17126.53
2021-07-15,17191.66,17024.69
2021-07-16,17069.43,17123.24
2021-07-19,17110.88,17155.68
2021-07-20,17124.23,16849.71
2021-07-21,16958.89,16950.75
2021-07-22,17025.53,17180.19
2021-07-23,17089.36,16954.7
2021-07-26,16865.73,17033.74
2021-07-27,17110.84,17426.27
2021-07-28,17494.98,17583.73
2021-07-29,17653.97,17450.51
2021-07-30,17391.4,17363.56
2021-08-02,17332.69,17247.97
2021-08-03,17301.18,17518.35
2021-08-04,17546.27,17756.48
2021-08-05,17602.87,17829.36
2021-08-06,17955.69,18078.63
2021-08-09,18136.17,18255.37
2021-08-10,18265.75,17523.09
2021-08-11,17547.4,17453.01
2021-08-12,17354.5,17206.15
2021-08-13,17173.62,17386.49
2021-08-16,17380.85,17302.14
2021-08-17,17382.38,17373.8
2021-08-18,17352.88,17308.01
2021-08-19,17272.17,17165.08
2021-08-20,17258.68,17071.22
2021-08-23,17166.14,16795.88
2021-08-24,16790.02,16248.63
2021-08-25,16187.6,16336.28
2021-08-26,16450.37,16618.84
2021-08-27,16575.21,16067.57
2021-08-30,15971.59,16000.54
2021-08-31,16177.87,16274.89
2021-09-01,16297.4,16224.88
2021-09-02,16181.31,16204.53
2021-09-03,16284.17,16338.9
2021-09-06,16279.48,16377.25
2021-09-07,16329.53,16451.88
2021-09-08,16512.49,16487.32
2021-09-09,16470.36,16336.94
2021-09-10,16388.76,16455.83
2021-09-13,16464.09,16328.81
2021-09-14,16281.72,16239.28
2021-09-15,16320.29,16382.26
2021-09-16,16484.65,16613.82
2021-09-17,16602.75,16701.61
2021-09-20,16725.83,16571.34
2021-09-21,16603.6,16503.79
2021-09-22,16460.97,16355.77
2021-09-23,16277.32,16452.83
2021-09-24,16534.0,16565.26
2021-09-27,16633.14,16808.5
2021-09-28,16664.65,16632.41
2021-09-29,16718.76,16716.66
2021-09-30,16705.47,16753.26
2021-10-01,16793.27,16758.93
2021-10-04,16662.43,16815.74
2021-10-05,16881.68,17010.99
2021-10-06,17164.57,17056.2
2021-10-07,17111.73,17164.64
2021-10-08,17066.28,17186.62
2021-10-11,17239.78,17485.58
2021-10-12,17435.01,17241.97
2021-10-13,17187.78,17006.21
2021-10-14,17045.22,17126.02
2021-10-15,17124.57,16966.42
2021-10-18,16975.52,17288.82
2021-10-19,17346.09,17440.9
2021-10-20,17381.65,17079.08
2021-10-21,17079.56,17169.13
2021-10-22,17258.71,17260.22
2021-10-25,17232.93,17101.32
2021-10-26,17170.1,17300.86
2021-10-27,17254.42,16976.61
2021-10-28,17110.62,17321.3
2021-10-29,17270.75,17228.57
2021-11-01,17412.63,17573.44
2021-11-02,17568.0,17675.54
2021-11-03,17738.6,17676.41
2021-11-04,17573.53,17517.94
2021-11-05,17630.55,17783.72
2021-11-08,17706.46,17901.31
2021-11-09,17870.32,17941.78
2021-11-10,18046.41,18023.73
2021-11-11,18096.95,17916.37
2021-11-12,17746.69,17547.11
2021-11-15,17412.67,17208.71
2021-11-16,17214.72,17195.09
2021-11-17,17234.29,17150.11
2021-11-18,17221.53,17047.31
2021-11-19,17012.4,16826.38
2021-11-22,16890.16,16960.53
2021-11-23,16922.26,17073.65
2021-11-24,16980.54,16960.3
2021-11-25,16966.6,17100.37
2021-11-26,17189.56,17270.78
2021-11-29,17388.82,17459.95
2021-11-30,17517.32,17526.89
2021-12-01,17669.73,17637.22
2021-12-02,17591.1,17602.47
2021-12-03,17593.23,17629.41
2021-12-06,17608.05,17774.69
2021-12-07,17697.59,17862.25
2021-12-08,17782.83,17696.38
2021-12-09,17685.65,17750.46
2021-12-10,17635.12,17596.85
2021-12-13,17706.78,17842.98
2021-12-14,17820.4,18205.77
2021-12-15,18161.48,18101.74
2021-12-16,18195.54,18316.85
2021-12-17,18330.54,18155.88
2021-12-20,18078.0,18275.36
2021-12-21,18184.25,18388.12
2021-12-22,18336.67,18200.09
2021-12-23,18111.47,17933.68
2021-12-24,17914.48,17985.74
2021-12-27,17811.51,17797.79
2021-12-28,17849.48,17822.46
2021-12-29,17789.55,17878.97
2021-12-30,17964.14,17865.95
2021-12-31,17927.59,17867.38
2022-01-03,17863.18,17779.16
2022-01-04,17760.57,17662.88
2022-01-05,17768.9,17825.8
2022-01-06,17868.76,17859.12
2022-01-07,17888.77,18079.8
2022-01-10,18047.62,17970.29
2022-01-11,17908.26,17797.93
2022-01-12,17777.27,17814.33
2022-01-13,17762.33,17789.98
2022-01-14,17843.43,18008.16
2022-01-17,18052.66,17908.68
2022-01-18,17962.44,18058.34
2022-01-19,18095.26,18135.79
2022-01-20,18208.29,18153.63
2022-01-21,18201.83,18215.73
2022-01-24,18135.25,18416.37
2022-01-25,18422.67,18453.19
2022-01-26,18392.02,17523.16
2022-01-27,17530.82,17700.98
2022-01-28,17654.68,17406.9
2022-01-31,17294.27,17254.59
2022-02-01,17207.87,17504.55
2022-02-02,17428.31,17307.76
2022-02-03,17373.13,17320.89
2022-02-04,17478.83,17548.66
2022-02-07,17496.25,17556.27
2022-02-08,17492.94,17791.35
2022-02-09,17841.64,17912.93
2022-02-10,18002.39,18095.8
2022-02-11,18090.84,18274.8
2022-02-14,18259.29,18323.95
2022-02-15,18334.35,18224.03
2022-02-16,18122.91,18234.49
2022-02-17,18186.1,18340.57
2022-02-18,18405.11,18298.35
2022-02-21,18116.1,18159.94
2022-02-22,18065.57,18299.02
2022-02-23,18263.33,18366.39
2022-02-24,18442.59,18422.64
2022-02-25,18459.32,18717.87
2022-02-28,18771.75,18599.51
2022-03-01,18574.08,18601.31
2022-03-02,18667.61,18518.17
2022-03-03,18595.02,18581.11
2022-03-04,18596.0,18521.85
2022-03-07,18449.89,18331.79
2022-03-08,18261.96,18280.18
2022-03-09,18192.33,18186.08
2022-03-10,18168.27,18241.1
2022-03-11,18235.12,18274.44
2022-03-14,18223.33,18446.7
2022-03-15,18520.89,18394.68
2022-03-16,18432.04,18354.18
2022-03-17,18292.89,18226.36
2022-03-18,18227.23,18036.34
2022-03-21,18126.92,17784.75
2022-03-22,17742.47,17884.93
2022-03-23,17978.5,18209.01
2022-03-24,18151.52,18144.23
2022-03-25,18083.75,18269.14
2022-03-28,18249.3,18189.81
2022-03-29,18186.25,18393.12
2022-03-30,18405.45,18069.3
2022-03-31,18037.81,17967.88
2022-04-01,18089.26,18209.31
2022-04-04,18180.33,18012.43
2022-04-05,18075.6,18001.04
2022-04-06,18006.68,18067.37
2022-04-07,18211.23,18253.75
2022-04-08,18306.27,18405.18
2022-04-11,18277.36,18490.2
2022-04-12,18361.45,18535.74
2022-04-13,18542.06,18436.19
2022-04-14,18426.64,18498.81
2022-04-15,18521.88,18506.83
2022-04-18,18431.53,18405.02
2022-04-19,18447.92,18421.07
2022-04-20,18402.24,18182.27
2022-04-21,18084.84,18030.27
2022-04-22,18111.17,18029.9
2022-04-25,17997.79,17848.07
2022-04-26,17810.48,17739.29
2022-04-27,17794.71,17792.77
2022-04-28,17804.72,17817.82
2022-04-29,17877.15,17878.09
2022-05-02,17810.64,17862.37
2022-05-03,17838.92,17818.37
2022-05-04,17681.95,17562.83
2022-05-05,17586.93,17536.62
2022-05-06,17628.9,17726.11
2022-05-09,17821.48,17985.99
2022-05-10,17875.68,17999.78
2022-05-11,18077.78,18063.58
2022-05-12,18222.77,18284.9
2022-05-13,18307.43,18491.45
2022-05-16,18510.97,18713.9
2022-05-17,18742.51,18588.05
2022-05-18,18653.09,18821.46
2022-05-19,18777.92,18260.96
2022-05-20,18198.14,17961.38
2022-05-23,17992.01,17934.74
2022-05-24,17981.79,18025.01
2022-05-25,17917.95,17887.87
2022-05-26,17974.17,17840.68
2022-05-27,17844.91,17645.17
2022-05-30,17652.58,17810.99
2022-05-31,17714.47,17660.74
2022-06-01,17641.63,17499.38
2022-06-02,17501.38,17658.83
2022-06-03,17823.04,17632.36
2022-06-06,17485.49,17481.77
2022-06-07,17410.44,17359.07
2022-06-08,17405.58,17366.0
2022-06-09,17376.62,17359.01
2022-06-10,17382.71,17474.59
2022-06-13,17630.33,17538.69
2022-06-14,17607.94,17576.82
2022-06-15,17591.7,17725.89
2022-06-16,17727.12,17688.41
2022-06-17,17614.97,17753.86
2022-06-20,17644.48,17640.28
2022-06-21,17737.26,17843.05
2022-06-22,17944.24,17816.53
2022-06-23,17903.12,18002.22
2022-06-24,17936.61,17724.27
2022-06-27,17841.54,17719.78
2022-06-28,17721.85,17842.87
2022-06-29,17790.89,17609.0
2022-06-30,17628.56,17562.0
2022-07-01,17570.34,17609.36
2022-07-04,17642.5,17592.72
2022-07-05,17563.47,17625.46
2022-07-06,17695.95,17692.08
2022-07-07,17666.16,17708.54
2022-07-08,17845.74,17826.05
2022-07-11,17754.66,17668.47
2022-07-12,17683.76,17836.1
2022-07-13,17959.62,18012.64
2022-07-14,18024.65,17958.94
2022-07-15,17948.95,17931.84
2022-07-18,17926.06,17893.1
2022-07-19,17891.4,17897.45
2022-07-20,17951.44,18149.81
2022-07-21,18133.41,18118.38
2022-07-22,18121.97,18092.25
2022-07-25,17996.69,17994.76
2022-07-26,18033.57,17614.24
2022-07-27,17692.47,17761.26
2022-07-28,17737.97,17841.65
2022-07-29,17765.92,17849.46
2022-08-01,17731.23,17828.3
2022-08-02,17932.47,17922.25
2022-08-03,18045.79,17969.35
2022-08-04,18044.33,17967.28
2022-08-05,17948.27,17907.27
2022-08-08,17938.86,18033.5
2022-08-09,18179.09,18038.31
2022-08-10,18045.27,18094.42
2022-08-11,18129.76,17942.61
2022-08-12,17966.55,18221.39
2022-08-15,18261.48,18199.4
2022-08-16,18207.74,18142.16
2022-08-17,18155.5,17949.64
2022-08-18,17877.13,18084.87
2022-08-19,18018.57,17925.75
2022-08-22,17864.47,17845.96
2022-08-23,17870.36,17779.65
2022-08-24,17778.98,17870.68
2022-08-25,17760.16,17631.69
2022-08-26,17704.36,17702.02
2022-08-29,17591.15,17580.73
2022-08-30,17559.4,17676.57
2022-08-31,17745.43,17786.9
2022-09-01,17935.79,17885.62
2022-09-02,18037.77,17970.16
2022-09-05,18004.41,17950.67
2022-09-06,17837.05,17784.71
2022-09-07,17776.84,17994.64
2022-09-08,18008.38,17971.34
2022-09-09,17922.41,17879.26
2022-09-12,17919.78,17866.96
2022-09-13,17831.35,17933.81
2022-09-14,17883.27,17817.69
2022-09-15,17869.37,17778.84
2022-09-16,17679.62,17478.58
2022-09-19,17550.77,17427.1
2022-09-20,17443.18,17353.17
2022-09-21,17343.88,17309.86
2022-09-22,17378.15,17325.97
2022-09-23,17225.95,17360.23
2022-09-26,17288.39,17296.7
2022-09-27,17230.09,17214.79
2022-09-28,17184.54,17225.66
2022-09-29,17302.25,17220.28
2022-09-30,17302.9,17242.48
2022-10-03,17148.99,17347.89
2022-10-04,17508.44,17580.13
2022-10-05,17589.94,17796.72
2022-10-06,17934.14,17896.93
2022-10-07,17916.17,17937.25
2022-10-10,17975.07,18123.52
2022-10-11,18149.36,18359.63
2022-10-12,18358.92,18140.34
2022-10-13,18134.35,17858.68
2022-10-14,17768.48,17865.96
2022-10-17,17782.49,17704.6
2022-10-18,17731.24,17600.47
2022-10-19,17503.32,17505.61
2022-10-20,17532.21,17405.76
2022-10-21,17365.38,17385.53
2022-10-24,17436.32,17547.31
2022-10-25,17567.74,17660.55
2022-10-26,17669.45,17925.87
2022-10-27,17932.34,17856.27
2022-10-28,17922.3,17784.61
2022-10-31,17749.27,17755.52
2022-11-01,17737.71,17846.32
2022-11-02,17886.59,18049.98
2022-11-03,17918.4,17716.13
2022-11-04,17873.65,17852.0
2022-11-07,17957.09,18080.93
2022-11-08,18246.61,18156.35
2022-11-09,18139.81,18093.23
2022-11-10,18121.2,18240.79
2022-11-11,18276.67,18536.7
2022-11-14,18502.3,18804.78
2022-11-15,18772.88,18860.06
2022-11-16,18778.48,18655.51
2022-11-17,18482.55,18259.85
2022-11-18,18220.58,18248.95
2022-11-21,18072.17,17927.68
2022-11-22,17957.02,17938.87
2022-11-23,17939.07,17989.81
2022-11-24,18016.76,17718.77
2022-11-25,17558.28,17523.81
2022-11-28,17487.15,17357.59
2022-11-29,17524.9,17515.92
2022-11-30,17523.66,17586.46
2022-12-01,17549.04,17734.81
2022-12-02,17802.25,17837.39
2022-12-05,17820.72,17978.79
2022-12-06,17953.59,17779.95
2022-12-07,17908.82,17878.03
2022-12-08,18059.12,17940.61
2022-12-09,17805.83,17721.44
2022-12-12,17730.6,17714.9
2022-12-13,17580.48,17616.42
2022-12-14,17603.72,16942.75
2022-12-15,16995.17,17041.34
2022-12-16,17076.75,17266.81
2022-12-19,17225.61,17137.56
2022-12-20,17065.22,17090.69
2022-12-21,17014.21,17175.13
2022-12-22,17204.41,17098.36
2022-12-23,17052.15,17352.01
2022-12-26,17347.09,17466.96
2022-12-27,17416.09,17735.17
2022-12-28,17728.58,17720.22
2022-12-29,17778.41,17747.02
2022-12-30,17744.92,17804.9
2023-01-02,17736.42,17584.87
2023-01-03,17572.6,17415.06
2023-01-04,17489.46,17674.36
2023-01-05,17855.62,17815.67
2023-01-06,17749.61,17752.09
2023-01-09,17750.8,17807.18
2023-01-10,17907.19,17827.87
2023-01-11,17924.19,17923.92
2023-01-12,18023.14,18047.09
2023-01-13,18137.35,18043.25
2023-01-16,18007.34,17919.09
2023-01-17,17928.43,17897.0
2023-01-18,17840.15,17921.31
2023-01-19,17884.24,17927.32
2023-01-20,17970.68,17889.44
2023-01-23,17874.72,17977.27
2023-01-24,18019.75,18044.22
2023-01-25,18129.73,18080.93
2023-01-26,18117.61,18208.27
2023-01-27,18206.85,18248.89
2023-01-30,18215.26,17746.53
2023-01-31,17755.99,17866.85
2023-02-01,17805.84,17770.56
2023-02-02,17656.88,17611.34
2023-02-03,17706.24,17586.84
2023-02-06,17566.31,17558.81
2023-02-07,17544.58,17617.44
2023-02-08,17552.43,17457.78
2023-02-09,17410.9,17354.5
2023-02-10,17419.79,17130.19
2023-02-13,17079.97,17088.89
2023-02-14,17111.1,17320.48
2023-02-15,17425.26,17526.09
2023-02-16,17524.13,17354.38
2023-02-17,17316.94,17437.45
2023-02-20,17554.21,17435.9
2023-02-21,17526.99,17309.2
2023-02-22,17326.73,17441.55
2023-02-23,17406.59,17372.26
2023-02-24,17476.59,17539.04
2023-02-27,17581.36,17637.18
2023-02-28,17586.16,17472.37
2023-03-01,17414.27,17455.92
2023-03-02,17442.81,17506.02
2023-03-03,17557.67,17520.64
2023-03-06,17582.5,17570.89
2023-03-07,17680.17,17670.35
2023-03-08,17755.19,17853.68
2023-03-09,17811.1,17505.79
2023-03-10,17420.16,17354.43
2023-03-13,17385.88,17618.32
2023-03-14,17643.57,17478.13
2023-03-15,17345.55,17338.67
2023-03-16,17320.35,17362.97
2023-03-17,17399.72,17673.41
2023-03-20,17738.9,17718.25
2023-03-21,17722.2,17540.33
2023-03-22,17621.09,17726.95
2023-03-23,17763.45,17890.32
2023-03-24,17985.69,18089.59
2023-03-27,18057.6,18070.37
2023-03-28,18138.5,18095.46
2023-03-29,18077.1,18106.33
2023-03-30,18100.57,17962.92
2023-03-31,17849.85,17786.65
2023-04-03,17867.58,18054.39
2023-04-04,18049.32,18038.16
2023-04-05,18124.68,18355.73
2023-04-06,18343.31,18441.94
2023-04-07,18540.42,18408.23
2023-04-10,18340.67,18187.27
2023-04-11,18161.71,18092.59
2023-04-12,18053.75,17961.44
2023-04-13,18043.75,18107.11
2023-04-14,18042.52,17978.89
2023-04-17,18029.54,18039.71
2023-04-18,18049.66,18172.4
2023-04-19,18052.14,17972.56
2023-04-20,18048.78,18385.39
2023-04-21,18403.26,18572.72
2023-04-24,18554.33,18722.7
2023-04-25,18736.62,18718.9
2023-04-26,18780.6,18937.05
2023-04-27,18949.84,18795.94
2023-04-28,18856.11,18796.34
2023-05-01,18833.31,18832.5
2023-05-02,18767.3,18693.89
2023-05-03,18743.66,18656.92
2023-05-04,18692.17,18733.32
2023-05-05,18578.95,18670.01
2023-05-08,18573.23,18531.44
2023-05-09,18660.0,18726.83
2023-05-10,18664.1,18732.66
2023-05-11,18704.17,18662.95
2023-05-12,18775.27,18698.11
2023-05-15,18667.28,18609.41
2023-05-16,18585.25,18643.49
2023-05-17,18655.7,18573.47
2023-05-18,18572.37,18677.71
2023-05-19,18722.51,18681.37
2023-05-22,18573.15,18593.45
2023-05-23,18645.01,18519.85
2023-05-24,18531.84,18442.68
2023-05-25,18574.37,18751.37
2023-05-26,18759.67,18805.51
2023-05-29,18749.83,18965.8
2023-05-30,18819.89,19075.52
2023-05-31,19130.55,19297.46
2023-06-01,19344.83,19461.98
2023-06-02,19611.39,19743.93
2023-06-05,19618.6,19823.7
2023-06-06,19927.63,19941.37
2023-06-07,20088.34,19854.21
2023-06-08,19909.71,20094.78
2023-06-09,20123.5,20161.27
2023-06-12,20074.33,20266.96
2023-06-13,20266.81,20220.4
2023-06-14,20166.94,20078.34
2023-06-15,20189.79,20568.89
2023-06-16,20629.92,20517.24
2023-06-19,20519.27,20461.15
2023-06-20,20429.73,20690.11
2023-06-21,20593.17,20621.74
2023-06-22,20671.61,20585.7
2023-06-23,20541.92,20619.8
2023-06-26,20687.67,20913.39
2023-06-27,21024.65,21086.45
2023-06-28,21098.38,21151.06
2023-06-29,21067.67,20946.69
2023-06-30,20911.28,21006.75
2023-07-03,21043.5,21252.38
2023-07-04,21327.13,21867.04
2023-07-05,21752.57,21722.45
2023-07-06,21711.72,21558.68
2023-07-07,21463.75,21499.57
2023-07-10,21467.23,21532.88
2023-07-11,21785.81,21869.19
2023-07-12,21737.34,21814.27
2023-07-13,21737.05,21843.34
2023-07-14,21979.36,21933.09
2023-07-17,21980.77,22156.91
2023-07-18,22107.26,21983.98
2023-07-19,22023.09,21998.97
2023-07-20,21956.01,22032.14
2023-07-21,22118.24,22115.84
2023-07-24,22056.34,22260.98
2023-07-25,22099.88,22050.23
2023-07-26,22050.06,22146.29
2023-07-27,22218.71,22217.8
2023-07-28,22313.62,22581.49
2023-07-31,22418.52,21633.24
2023-08-01,21694.95,20950.87
2023-08-02,20961.89,20994.62
2023-08-03,20943.91,20911.99
2023-08-04,20801.89,20654.51
2023-08-07,20645.01,20465.84
2023-08-08,20461.6,20260.0
2023-08-09,20234.64,20144.73
2023-08-10,20258.34,20422.11
2023-08-11,20495.92,20792.65
2023-08-14,20867.3,21112.54
2023-08-15,21248.11,21318.97
2023-08-16,21423.5,21617.77
2023-08-17,21693.99,21838.19
2023-08-18,21739.51,21485.74
2023-08-21,21474.9,21481.66
2023-08-22,21574.43,21535.32
2023-08-23,21525.69,21645.29
2023-08-24,21630.96,21281.05
2023-08-25,21301.34,21582.51
2023-08-28,21668.0,21886.6
2023-08-29,21939.18,22120.84
2023-08-30,22097.18,21921.63
2023-08-31,22033.5,22108.57
2023-09-01,22057.41,22135.88
2023-09-04,22155.5,22027.13
2023-09-05,22238.05,22329.36
2023-09-06,22330.63,22309.84
2023-09-07,22212.41,22306.38
2023-09-08,22418.79,22434.2
2023-09-11,22571.15,22714.44
2023-09-12,22862.08,22801.4
2023-09-13,22834.68,22737.62
2023-09-14,22683.49,22437.61
2023-09-15,22482.88,22576.89
2023-09-18,22551.54,22642.5
2023-09-19,22736.96,22694.82
2023-09-20,22751.59,22962.14
2023-09-21,22972.64,22890.55
2023-09-22,22965.76,23142.09
2023-09-25,23149.26,22945.19
2023-09-26,23069.23,22813.95
2023-09-27,22887.38,22718.05
2023-09-28,22655.76,22738.74
2023-09-29,22901.1,23040.29
2023-10-02,23020.23,23228.85
2023-10-03,23216.31,22991.6
2023-10-04,23092.29,23353.37
2023-10-05,23351.61,22777.16
2023-10-06,22756.66,22721.08
2023-10-09,22805.21,22881.98
2023-10-10,23070.72,23424.26
2023-10-11,23459.63,23417.94
2023-10-12,23359.71,23148.89
2023-10-13,23121.41,23231.12
2023-10-16,23218.55,23401.77
2023-10-17,23434.09,23563.82
2023-10-18,23644.49,23538.85
2023-10-19,23516.77,23561.81
2023-10-20,23535.22,23209.07
2023-10-23,23342.89,23327.34
2023-10-24,23190.1,23234.46
2023-10-25,23190.88,23334.75
2023-10-26,23219.49,22873.59
2023-10-27,22792.98,22679.31
2023-10-30,22647.46,22632.46
2023-10-31,22425.12,21879.35
2023-11-01,21776.43,21810.6
2023-11-02,21741.52,21828.49
2023-11-03,21756.72,22006.84
2023-11-06,21886.63,21936.88
2023-11-07,22074.11,22065.92
2023-11-08,22068.93,22111.89
2023-11-09,22037.39,22033.35
2023-11-10,22068.43,21984.31
2023-11-13,21982.87,21871.85
2023-11-14,21881.85,22164.71
2023-11-15,22220.67,22083.03
2023-11-16,22153.88,21993.5
2023-11-17,21945.81,21984.32
2023-11-20,22066.94,22006.15
2023-11-21,22046.04,22258.67
2023-11-22,22327.25,22512.37
2023-11-23,22551.34,22748.14
2023-11-24,22814.24,22842.32
2023-11-27,22805.99,22974.27
2023-11-28,23073.94,22820.27
2023-11-29,22841.79,22939.49
2023-11-30,23070.7,23072.06
2023-12-01,23014.48,23315.38
2023-12-04,23397.31,23222.15
2023-12-05,23422.67,23673.26
2023-12-06,23760.53,23618.79
2023-12-07,23671.0,23575.9
2023-12-08,23701.99,23876.03
2023-12-11,23900.31,24178.47
2023-12-12,24180.18,24403.31
2023-12-13,24408.99,24459.67
2023-12-14,24495.42,24564.45
2023-12-15,24517.07,24299.99
2023-12-18,24428.73,24500.81
2023-12-19,24474.84,24939.35
2023-12-20,25033.58,25410.18
2023-12-21,25331.88,25361.46
2023-12-22,25358.88,25340.02
2023-12-25,25306.49,25280.37
2023-12-26,25299.71,25378.95
2023-12-27,25513.64,25600.05
2023-12-28,25732.28,25734.86
2023-12-29,25865.8,25866.95
2024-01-01,25823.22,25826.11
2024-01-02,25820.14,25571.29
2024-01-03,25508.86,25644.25
2024-01-04,25673.99,25612.52
2024-01-05,25801.99,25767.18
2024-01-08,25757.08,25757.52
2024-01-09,25759.39,25649.4
2024-01-10,25714.79,25911.04
2024-01-11,25801.99,25844.13
2024-01-12,25841.77,26058.6
2024-01-15,25959.95,25999.53
2024-01-16,26113.63,26223.96
2024-01-17,26230.04,26077.34
2024-01-18,26282.35,26165.71
2024-01-19,26165.55,25949.58
2024-01-22,25962.09,26016.4
2024-01-23,26019.72,26039.52
2024-01-24,26180.41,26091.14
2024-01-25,26194.48,26316.88
2024-01-26,26411.07,26250.05
2024-01-29,26381.14,26447.52
2024-01-30,26752.36,26377.2
2024-01-31,26388.87,26099.63
2024-02-01,25960.3,26270.4
2024-02-02,26160.89,26438.34
2024-02-05,26476.33,26469.3
2024-02-06,26542.18,26806.1
2024-02-07,26725.08,26919.82
2024-02-08,26988.66,27293.08
2024-02-09,27269.9,27175.81
2024-02-12,27134.0,27157.84
2024-02-13,27233.85,27719.86
2024-02-14,27688.96,27573.26
2024-02-15,27708.17,27757.29
2024-02-16,27829.59,27460.19
2024-02-19,27423.28,27562.32
2024-02-20,27504.06,27446.0
2024-02-21,27331.27,27824.01
2024-02-22,28113.83,28255.2
2024-02-23,28259.73,28737.22
2024-02-26,28646.8,28543.59
2024-02-27,28690.71,28817.19
2024-02-28,28813.23,28635.06
2024-02-29,28864.14,28825.02
2024-03-01,28645.11,28835.15
2024-03-04,28768.0,28574.0
2024-03-05,28653.72,29115.24
2024-03-06,29030.03,29217.12
2024-03-07,29193.66,29231.36
2024-03-08,29191.34,29366.68
2024-03-11,29564.02,29439.66
2024-03-12,29394.35,29256.48
2024-03-13,29236.43,29293.82
2024-03-14,29486.04,29275.48
2024-03-15,29428.39,29170.92
2024-03-18,29205.7,28931.51
2024-03-19,28834.32,28534.79
2024-03-20,28707.89,28600.37
2024-03-21,28618.01,28655.64
2024-03-22,28697.46,28718.32
2024-03-25,28712.78,28700.5
2024-03-26,28832.44,28816.77
2024-03-27,28487.96,28509.17
2024-03-28,28481.29,29093.67
2024-03-29,28958.33,29156.16
2024-04-01,29070.43,28971.25
2024-04-02,29099.98,29122.23
2024-04-03,29255.45,29641.51
2024-04-04,29706.55,29573.96
2024-04-05,29658.73,29377.75
2024-04-08,29267.65,29047.64
2024-04-09,29100.04,27409.42
2024-04-10,27348.74,27127.34
2024-04-11,27125.52,27171.51
2024-04-12,27156.77,27435.71
2024-04-15,27445.96,27178.77
2024-04-16,27117.4,25896.66
2024-04-17,26012.59,25983.1
2024-04-18,25971.91,25933.93
2024-04-19,26047.94,25932.23
2024-04-22,26128.39,25931.46
2024-04-23,25970.56,25933.41
2024-04-24,25923.71,25825.03
2024-04-25,25831.85,25956.36
2024-04-26,25869.56,25867.73
2024-04-29,25830.7,25933.65
2024-04-30,25706.07,25684.66
2024-05-01,25645.25,25468.32
2024-05-02,25538.7,25671.98
2024-05-03,25808.53,25791.76
2024-05-06,25737.26,25602.79
2024-05-07,25637.42,25492.68
2024-05-08,25297.84,25405.79
2024-05-09,25263.56,25349.73
2024-05-10,25397.38,25229.35
2024-05-13,25271.92,25090.26
2024-05-14,25088.07,25164.45
2024-05-15,25060.5,25261.47
2024-05-16,25243.49,25006.0
2024-05-17,25135.12,25371.35
2024-05-20,25315.4,25268.41
2024-05-21,25232.47,25333.67
2024-05-22,25299.64,25264.95
2024-05-23,25175.15,25064.37
2024-05-24,25236.59,24984.4
2024-05-27,25043.36,25137.07
2024-05-28,25185.6,25282.82
2024-05-29,25430.49,25441.34
2024-05-30,25566.78,25739.64
2024-05-31,25650.83,26090.78
2024-06-03,26111.63,26148.49
2024-06-04,26300.61,26102.71
2024-06-05,26132.07,26396.29
2024-06-06,26477.89,26502.63
2024-06-07,26649.28,26466.53
2024-06-10,26387.36,26433.64
2024-06-11,26417.04,26616.41
2024-06-12,26754.08,27178.75
2024-06-13,27241.1,27050.28
2024-06-14,26884.8,26755.93
2024-06-17,26999.01,27229.01
2024-06-18,27276.93,27435.28
2024-06-19,27596.5,27353.66
2024-06-20,27403.16,26033.73
2024-06-21,25944.1,26060.43
2024-06-24,26176.63,25765.92
2024-06-25,25665.2,25824.96
2024-06-26,25885.99,25764.49
2024-06-27,25851.31,26065.75
2024-06-28,26124.19,25974.56
2024-07-01,25960.58,26188.38
2024-07-02,26322.2,26298.61
2024-07-03,26438.98,26132.42
2024-07-04,26120.61,26059.65
2024-07-05,26040.21,26018.58
2024-07-08,25886.22,26139.09
2024-07-09,26142.49,25974.9
2024-07-10,25763.48,25947.9
2024-07-11,25953.52,25828.7
2024-07-12,25784.67,25136.88
2024-07-15,25097.43,25048.22
2024-07-16,25102.71,24893.15
2024-07-17,24859.35,24717.69
2024-07-18,24645.19,24775.23
2024-07-19,24910.54,24782.74
2024-07-22,24528.43,24586.39
2024-07-23,24598.9,24544.15
2024-07-24,24521.54,24739.53
2024-07-25,24607.11,24825.4
2024-07-26,24837.16,24724.05
2024-07-29,24846.04,24841.49
2024-07-30,24842.52,24906.23
2024-07-31,24995.93,25053.79
2024-08-01,24983.09,24821.39
2024-08-02,24830.11,25147.06
2024-08-05,25165.53,25005.11
2024-08-06,25152.45,25131.06
2024-08-07,25127.35,25223.55
2024-08-08,25316.86,25173.22
2024-08-09,25313.87,25641.8
2024-08-12,25562.5,25434.94
2024-08-13,25355.23,25072.01
2024-08-14,24932.86,24772.45
2024-08-15,24764.23,24822.49
2024-08-16,24734.59,24731.93
2024-08-19,24556.67,24475.1
2024-08-20,24637.14,24554.23
2024-08-21,24678.04,24770.7
2024-08-22,24928.64,25071.4
2024-08-23,24884.16,24580.24
2024-08-26,24799.29,24804.67
2024-08-27,24841.59,25133.93
2024-08-28,25132.0,25290.56
2024-08-29,25193.16,24999.9
2024-08-30,25098.41,25334.41
2024-09-02,25219.94,25186.43
2024-09-03,25114.91,25333.57
2024-09-04,25366.92,25232.67
2024-09-05,25246.66,24788.68
2024-09-06,24873.48,24924.06
2024-09-09,25019.21,25301.44
2024-09-10,25429.1,25522.52
2024-09-11,25312.92,25285.41
2024-09-12,25305.92,25084.13
2024-09-13,25109.52,25291.74
2024-09-16,25517.85,25505.78
2024-09-17,25395.04,25428.33
2024-09-18,25385.2,25661.87
2024-09-19,25537.13,25836.49
2024-09-20,25790.45,26028.58
2024-09-23,26165.41,25860.79
2024-09-24,25915.03,25911.95
2024-09-25,25923.59,26227.12
2024-09-26,26174.28,26115.83
2024-09-27,26103.99,26056.85
2024-09-30,26076.5,25788.7
2024-10-01,25782.09,25693.96
2024-10-02,25831.47,25680.97
2024-10-03,25894.28,25851.46
2024-10-04,25925.42,25910.66
2024-10-07,26013.22,25931.75
2024-10-08,25963.48,26077.26
2024-10-09,26157.57,26464.19
2024-10-10,26491.57,26363.85
2024-10-11,26370.7,26277.64
2024-10-14,26365.14,26588.36
2024-10-15,26730.61,26713.4
2024-10-16,26805.09,27087.64
2024-10-17,27165.83,27057.6
2024-10-18,27170.58,27354.65
2024-10-21,27458.34,27427.92
2024-10-22,27395.3,27629.76
2024-10-23,27682.22,27827.53
2024-10-24,27976.66,27638.01
2024-10-25,27536.1,27457.24
2024-10-28,27326.58,27188.82
2024-10-29,27387.75,27328.72
2024-10-30,27183.82,26626.5
2024-10-31,26579.82,26604.36
2024-11-01,26498.59,26776.96
2024-11-04,26934.8,27162.96
2024-11-05,27117.5,26817.01
2024-11-06,26875.3,26831.9
2024-11-07,26728.94,26762.44
2024-11-08,26851.52,27058.89
2024-11-11,26957.55,27157.44
2024-11-12,27114.6,27030.97
2024-11-13,26892.49,27016.01
2024-11-14,26812.53,26777.72
2024-11-15,26798.79,26617.75
2024-11-18,26646.35,26535.72
2024-11-19,26564.65,26613.15
2024-11-20,26482.39,26567.05
2024-11-21,26615.88,26788.38
2024-11-22,26627.46,26501.91
2024-11-25,26651.54,26736.82
2024-11-26,26622.92,26460.25
2024-11-27,26537.29,26359.2
2024-11-28,26280.9,26500.79
2024-11-29,26497.0,26303.14
2024-12-02,26478.74,26182.57
2024-12-03,26096.43,25774.63
2024-12-04,25859.19,25728.76
2024-12-05,25720.76,25692.95
2024-12-06,25670.49,25929.32
2024-12-09,25885.25,25624.41
2024-12-10,25648.74,25410.05
2024-12-11,25452.63,25523.33
2024-12-12,25478.93,25568.69
2024-12-13,25570.84,25877.19
2024-12-16,26010.0,26052.76
2024-12-17,25964.99,25675.58
2024-12-18,25693.83,26028.43
2024-12-19,26144.81,26503.8
2024-12-20,26367.98,26381.14
2024-12-23,26392.8,26481.17
2024-12-24,26542.39,26351.25
2024-12-25,26343.98,26237.05
2024-12-26,26217.6,26156.99
2024-12-27,26087.1,25685.58
2024-12-30,25601.35,25451.78
2024-12-31,25694.25,25173.16
